Date	Price	Open	High	Low	Vol.	Change %
2017/10/4	125.38	125.39	125.61	125.19	0	0.04
2017/10/3	125.33	125.22	125.41	125.05	954.99K	0.06
2017/10/2	125.25	125.23	125.39	124.94	1.32M	-0.05
2017/9/29	125.31	125.53	125.62	125.2	1.81M	-0.19
2017/9/28	125.55	125.42	125.56	125.06	1.67M	0.09
2017/9/27	125.44	125.94	125.95	125.31	2.01M	-0.44
2017/9/26	126	126.03	126.12	125.83	1.09M	-0.05
2017/9/25	126.06	125.75	126.14	125.72	1.26M	0.26
2017/9/22	125.73	125.59	125.94	125.58	1.23M	0.09
2017/9/21	125.62	125.69	125.91	125.56	1.29M	-0.57
2017/9/20	126.34	126.31	126.44	126.3	18.94K	0.05
2017/9/19	126.28	126.45	126.5	126.25	20.43K	-0.08
2017/9/18	126.38	126.53	126.56	126.36	4.78K	-0.17
2017/9/15	126.59	126.81	126.83	126.52	9.07K	-0.08
2017/9/14	126.69	126.8	126.81	126.47	10.96K	-0.02
2017/9/13	126.72	126.95	127.03	126.67	19.91K	-0.15
2017/9/12	126.91	127.25	127.25	126.83	14.65K	-0.27
2017/9/11	127.25	127.52	127.55	127.14	13.28K	-0.39
2017/9/8	127.75	127.86	128.11	127.64	17.31K	-0.02
2017/9/7	127.77	127.39	127.95	127.39	29.75K	0.34
2017/9/6	127.34	127.72	127.81	127.33	37.72K	-0.26
2017/9/5	127.67	127.17	127.72	127.02	76.78K	0.7
2017/9/4	126.78	126.85	126.94	126.76	0	-0.05
2017/9/3	126.84	126.92	126.92	126.82	0	-0.09
2017/9/1	126.95	127.27	127.48	126.88	123.22K	-0.24
2017/8/31	127.25	127.14	127.3	126.98	252.05K	0.13
2017/8/30	127.08	127.2	127.23	126.98	1.22M	-0.09
2017/8/29	127.19	127.03	127.59	127.03	2.64M	0.15
2017/8/28	127	126.88	127	126.8	1.95M	0.09
2017/8/25	126.88	126.67	126.95	126.62	1.95M	0.15
2017/8/24	126.69	126.94	126.95	126.67	1.75M	-0.18
2017/8/23	126.92	126.56	126.95	126.5	1.21M	0.28
2017/8/22	126.56	126.86	126.88	126.53	980.89K	-0.22
2017/8/21	126.84	126.72	126.91	126.59	857.26K	0.07
2017/8/18	126.75	126.8	127.05	126.56	1.34M	0.02
2017/8/17	126.72	126.52	126.84	126.34	1.39M	0.16
2017/8/16	126.52	126.11	126.58	126	1.35M	0.29
2017/8/15	126.16	126.55	126.56	126.02	1.21M	-0.31
2017/8/14	126.55	126.75	126.8	126.44	945.52K	-0.21
2017/8/11	126.81	126.67	126.88	126.55	1.48M	0.2
2017/8/10	126.56	126.27	126.67	126.19	1.30M	0.17
2017/8/9	126.34	126.16	126.58	126.16	1.35M	0.25
2017/8/8	126.02	126.17	126.23	125.91	913.67K	-0.12
2017/8/7	126.17	126.09	126.22	125.94	699.88K	0.07
2017/8/4	126.08	126.39	126.44	125.91	1.27M	-0.22
2017/8/3	126.36	126.05	126.47	126.03	1.09M	0.2
2017/8/2	126.11	126.19	126.27	125.97	1.34M	-0.1
2017/8/1	126.23	125.84	126.25	125.67	1.47M	0.27
2017/7/31	125.89	125.92	126.05	125.83	1.03M	-0.05
2017/7/28	125.95	125.81	125.98	125.55	1.23M	0.1
2017/7/27	125.83	125.95	126.05	125.66	1.53M	-0.15
2017/7/26	126.02	125.5	126.06	125.48	1.38M	0.35
2017/7/25	125.58	126.14	126.2	125.48	1.47M	-0.46
2017/7/24	126.16	126.28	126.38	126.08	581.06K	-0.12
2017/7/21	126.31	126.08	126.38	126.03	757.68K	0.2
2017/7/20	126.06	126.02	126.27	125.97	1.16M	0.01
2017/7/19	126.05	126.11	126.19	125.95	907.68K	-0.05
2017/7/18	126.11	125.69	126.17	125.67	1.39M	0.29
2017/7/17	125.75	125.58	125.83	125.56	788.34K	0.06
2017/7/14	125.67	125.41	126.03	125.33	1.60M	0.21
2017/7/13	125.41	125.55	125.67	125.27	1.26M	-0.09
2017/7/12	125.52	125.17	125.73	125.14	1.62M	0.28
2017/7/11	125.17	125.03	125.23	124.88	1.08M	0.07
2017/7/10	125.08	124.91	125.14	124.86	886.58K	0.19
2017/7/7	124.84	125.02	125.11	124.8	1.51M	-0.11
2017/7/6	124.98	125.31	125.34	124.8	1.57M	-0.19
2017/7/5	125.22	125.09	125.5	124.98	1.65M	0
2017/7/4	125.22	125.12	125.5	125.09	0	0.09
2017/7/3	125.11	125.52	125.61	125.03	1.02M	-0.33
2017/6/30	125.53	125.83	125.89	125.45	1.89M	-0.22
2017/6/29	125.81	126.17	126.23	125.58	1.92M	-0.31
2017/6/28	126.2	126.25	126.33	125.88	1.80M	-0.06
2017/6/27	126.28	126.75	126.84	126.16	1.63M	-0.39
2017/6/26	126.78	126.73	126.91	126.59	841.61K	0.04
2017/6/23	126.73	126.69	126.77	126.56	714.18K	0.05
2017/6/22	126.67	126.61	126.81	126.58	884.62K	-0.13
2017/6/21	126.84	126.88	126.98	126.69	5.04K	-0.06
2017/6/20	126.92	126.66	126.91	126.56	7.92K	0.21
2017/6/19	126.66	127	127.05	126.59	8.63K	-0.2
2017/6/16	126.92	126.83	127.06	126.72	7.02K	0.06
2017/6/15	126.84	127.23	127.23	126.81	9.57K	-0.21
2017/6/14	127.11	126.56	127.55	126.56	10.11K	0.39
2017/6/13	126.61	126.53	126.62	126.45	8.42K	0.04
2017/6/12	126.56	126.56	126.73	126.47	7.97K	-0.08
2017/6/9	126.66	126.84	126.88	126.42	15.95K	-0.03
2017/6/8	126.7	126.77	126.8	126.48	12.19K	-0.06
2017/6/7	126.78	127.02	127.03	126.75	21.73K	-0.19
2017/6/6	127.02	126.75	127.14	126.73	34.37K	0.23
2017/6/5	126.73	126.86	126.94	126.66	26.28K	-0.13
2017/6/2	126.89	126.48	127.03	126.39	63.47K	0.35
2017/6/1	126.45	126.47	126.5	126.23	97.17K	-0.09
2017/5/31	126.56	126.44	126.56	126.27	260.25K	0.09
2017/5/30	126.44	126.17	126.5	126.05	1.82M	0.4
2017/5/29	125.93	125.85	125.97	125.76	0	0.04
2017/5/28	125.88	125.87	125.9	125.87	0	-0.25
2017/5/26	126.19	126.12	126.38	126.12	1.92M	0.02
2017/5/25	126.17	126.19	126.25	126.05	2.43M	0.09
2017/5/24	126.06	125.88	126.22	125.77	2.30M	0.16
2017/5/23	125.86	126.09	126.34	125.81	1.67M	-0.21
2017/5/22	126.12	126.23	126.27	126.05	986.02K	-0.06
2017/5/19	126.19	126.28	126.36	126.05	1.23M	-0.07
2017/5/18	126.28	126.44	126.72	126.16	2.33M	-0.11
2017/5/17	126.42	125.55	126.45	125.55	2.43M	0.69
2017/5/16	125.55	125.44	125.72	125.28	1.29M	0.08
2017/5/15	125.45	125.53	125.64	125.34	928.49K	-0.02
2017/5/12	125.47	125.02	125.59	124.98	1.40M	0.44
2017/5/11	124.92	124.8	125.05	124.72	1.27M	0.09
2017/5/10	124.81	124.89	125.17	124.78	1.18M	-0.02
2017/5/9	124.83	124.95	125.06	124.75	1.09M	-0.18
2017/5/8	125.06	125.09	125.42	124.94	1.17M	-0.13
2017/5/5	125.22	125.16	125.34	124.86	1.32M	0.04
2017/5/4	125.17	125.47	125.48	125.06	1.25M	-0.3
2017/5/3	125.55	125.78	125.83	125.41	1.17M	-0.12
2017/5/2	125.7	125.53	125.81	125.34	997.05K	0.18
2017/5/1	125.47	125.72	125.8	125.33	948.94K	-0.2
2017/4/28	125.72	125.66	125.75	125.28	1.67M	0.06
2017/4/27	125.64	125.59	125.78	125.44	1.42M	0.06
2017/4/26	125.56	125.36	125.62	125.22	1.51M	0.12
2017/4/25	125.41	125.81	125.86	125.27	1.12M	-0.31
2017/4/24	125.8	125.47	125.86	125.2	1.55M	-0.21
2017/4/21	126.06	126.02	126.28	125.91	1.05M	0.09
2017/4/20	125.95	126.22	126.34	125.83	1.21M	-0.26
2017/4/19	126.28	126.58	126.59	126.09	1.20M	-0.19
2017/4/18	126.52	125.88	126.62	125.81	1.44M	0.48
2017/4/17	125.91	126.23	126.41	125.81	804.49K	-0.13
2017/4/13	126.08	125.97	126.25	125.75	1.33M	0.49
2017/4/12	125.47	125.48	126	125.36	1.37M	-0.01
2017/4/11	125.48	124.88	125.56	124.88	1.49M	0.46
2017/4/10	124.91	124.77	125.05	124.62	947.72K	0.08
2017/4/7	124.81	125.12	125.78	124.72	2.07M	-0.25
2017/4/6	125.12	125.2	125.3	124.94	1.08M	0.06
2017/4/5	125.05	124.92	125.3	124.75	1.48M	0.02
2017/4/4	125.03	125.2	125.36	124.89	1.27M	0
2017/4/3	125.03	124.59	125.23	124.5	1.56M	0.38
2017/3/31	124.56	124.33	124.62	124.23	1.53M	0.18
2017/3/30	124.34	124.62	124.69	124.27	1.06M	-0.19
2017/3/29	124.58	124.28	124.66	124.2	1.21M	0.18
2017/3/28	124.36	124.64	124.83	124.27	1.35M	-0.25
2017/3/27	124.67	124.42	124.92	124.42	1.14M	0.11
2017/3/24	124.53	124.33	124.59	124.22	1.00M	0.1
2017/3/23	124.41	124.45	124.62	124.19	1.53M	-0.54
2017/3/22	125.08	124.98	125.28	124.97	1.28K	0.14
2017/3/21	124.91	124.69	125.05	124.48	5.90K	0.19
2017/3/20	124.67	124.41	124.69	124.41	9.29K	0.23
2017/3/17	124.39	124.14	124.55	124.12	4.50K	0.13
2017/3/16	124.23	124.41	124.48	124.11	4.21K	-0.13
2017/3/15	124.39	123.67	124.45	123.56	5.98K	0.67
2017/3/14	123.56	123.39	123.67	123.33	6.78K	0.07
2017/3/13	123.47	123.67	123.81	123.36	10.41K	-0.15
2017/3/10	123.66	123.34	123.81	123.31	8.55K	0.15
2017/3/9	123.47	123.66	123.75	123.34	7.72K	-0.24
2017/3/8	123.77	124.03	124.09	123.5	29.88K	-0.23
2017/3/7	124.05	124.16	124.22	123.98	19.44K	-0.11
2017/3/6	124.19	124.14	124.44	124.11	13.58K	0.02
2017/3/3	124.17	124.12	124.25	123.88	47.56K	0.07
2017/3/2	124.08	124.3	124.36	123.94	62.58K	-0.16
2017/3/1	124.28	124.8	124.8	124.17	141.99K	-0.66
2017/2/28	125.11	125.16	125.36	124.67	402.59K	-0.02
2017/2/27	125.14	125.64	125.64	125.11	1.25M	-0.37
2017/2/24	125.61	125.16	125.67	125.08	2.29M	0.45
2017/2/23	125.05	124.78	125.16	124.73	3.33M	0.22
2017/2/22	124.77	124.67	124.98	124.44	2.62M	0.06
2017/2/21	124.7	124.69	124.8	124.39	1.53M	0.06
2017/2/20	124.62	124.69	124.72	124.57	0	-0.07
2017/2/19	124.71	124.7	124.75	124.68	0	0.01
2017/2/17	124.7	124.44	124.91	124.34	1.12M	0.2
2017/2/16	124.45	124	124.53	123.95	1.37M	0.39
2017/2/15	123.97	124.2	124.27	123.77	1.45M	-0.21
2017/2/14	124.23	124.55	124.62	123.97	1.54M	-0.29
2017/2/13	124.59	124.73	124.75	124.44	826.48K	-0.15
2017/2/10	124.78	124.92	124.92	124.62	1.17M	-0.11
2017/2/9	124.92	125.48	125.48	124.84	1.43M	-0.35
2017/2/8	125.36	125.05	125.56	124.98	1.72M	0.2
2017/2/7	125.11	124.94	125.31	124.75	1.41M	0.14
2017/2/6	124.94	124.42	125.02	124.41	1.28M	0.53
2017/2/3	124.28	124.34	124.83	124.09	1.89M	-0.08
2017/2/2	124.38	124.31	124.7	124.23	1.37M	0.04
2017/2/1	124.33	124.45	124.47	123.91	1.50M	-0.11
2017/1/31	124.47	124.14	124.67	124.06	2.12M	0.2
2017/1/30	124.22	124.2	124.36	124.06	1.21M	0.04
2017/1/27	124.17	123.97	124.19	123.8	1.08M	0.16
2017/1/26	123.97	123.92	124.02	123.56	1.39M	0.13
2017/1/25	123.81	124.3	124.39	123.73	1.41M	-0.33
2017/1/24	124.22	124.86	124.94	124.2	1.17M	-0.47
2017/1/23	124.81	124.17	124.98	124.16	1.68M	0.47
2017/1/20	124.22	124.06	124.3	123.78	1.46M	0.04
2017/1/19	124.17	124.31	124.48	123.86	1.81M	-0.44
2017/1/18	124.72	125.23	125.28	124.31	1.29M	-0.41
2017/1/17	125.23	124.7	125.42	124.69	1.59M	0.32
2017/1/16	124.83	124.82	125.03	124.69	0	-0.01
2017/1/15	124.84	124.73	124.85	124.72	0	0.05
2017/1/13	124.78	124.88	125.31	124.34	1.58M	-0.09
2017/1/12	124.89	124.77	125.33	124.75	1.41M	0.06
2017/1/11	124.81	124.78	125.2	124.58	1.46M	0.03
2017/1/10	124.77	124.83	124.92	124.62	907.70K	-0.01
2017/1/9	124.78	124.39	124.86	124.23	889.37K	0.3
2017/1/6	124.41	124.95	125.33	124.31	1.54M	-0.34
2017/1/5	124.83	124.2	125.03	124.11	1.88M	0.58
2017/1/4	124.11	124.14	124.28	123.86	1.15M	0
2017/1/3	124.11	124.12	124.23	123.58	1.44M	0.06
2017/1/2	124.04	124.1	124.1	123.94	0	-0.19
2016/12/30	124.28	123.97	124.33	123.86	786.37K	0.27
2016/12/29	123.94	123.64	124.08	123.61	766.25K	0.24
2016/12/28	123.64	123.19	123.69	123.16	624.85K	0.36
2016/12/27	123.2	123.34	123.34	123.09	263.38K	-0.07
2016/12/26	123.29	123.28	123.29	123.28	0	-0.06
2016/12/23	123.36	123.27	123.47	123.2	287.29K	0.07
2016/12/22	123.27	123.36	123.42	123.05	585.52K	-0.02
2016/12/21	123.3	123.22	123.38	123.02	510.27K	-0.52
2016/12/20	123.94	124	124	123.7	16.91K	-0.07
2016/12/19	124.03	123.66	124.16	123.66	11.59K	0.34
2016/12/16	123.61	123.55	123.86	123.53	10.01K	-0.07
2016/12/15	123.7	123.86	123.86	123.3	11.38K	-0.37
2016/12/14	124.16	124.89	125.12	123.84	7.77K	-0.41
2016/12/13	124.67	124.88	125.08	124.62	3.34K	-0.08
2016/12/12	124.77	124.61	124.84	124.31	5.86K	-0.02
2016/12/9	124.8	125	125.28	124.67	8.54K	-0.38
2016/12/8	125.28	125.61	125.61	124.95	18.87K	-0.22
2016/12/7	125.55	125.23	125.58	125.14	17.06K	0.28
2016/12/6	125.2	125.16	125.34	125.12	17.02K	0.01
2016/12/5	125.19	125.61	125.77	124.73	52.88K	-0.03
2016/12/2	125.23	124.73	125.38	124.73	42.43K	0.4
2016/12/1	124.73	125.09	125.17	124.34	92.57K	-0.4
2016/11/30	125.23	125.8	125.83	124.98	361.21K	-0.43
2016/11/29	125.77	125.7	125.83	125.36	1.21M	0.1
2016/11/28	125.64	125.36	125.73	125.31	2.51M	0.35
2016/11/25	125.2	125.38	125.39	124.8	1.48M	0.06
2016/11/24	125.12	125.34	125.37	125.09	0	-0.19
2016/11/23	125.36	125.72	125.92	124.86	3.08M	-0.27
2016/11/22	125.7	125.8	125.97	125.55	2.26M	0.12
2016/11/21	125.55	125.38	125.88	125.31	1.64M	-0.01
2016/11/18	125.56	125.84	126.16	125.31	1.91M	-0.41
2016/11/17	126.08	126.5	126.77	125.83	1.61M	-0.31
2016/11/16	126.47	126.58	126.69	125.89	1.84M	0.04
2016/11/15	126.42	126.41	126.98	126.33	1.75M	-0.19
2016/11/14	126.66	127.22	127.22	125.95	2.44M	-0.4
2016/11/11	127.17	127.36	127.69	127.08	596.17K	-0.31
2016/11/10	127.56	128.09	128.5	127.3	3.05M	-0.37
2016/11/9	128.03	129.52	131	127.83	4.23M	-1.14
2016/11/8	129.5	129.84	130	129.34	1.04M	-0.26
2016/11/7	129.84	129.86	130	129.77	788.42K	-0.31
2016/11/4	130.25	130.02	130.38	129.94	1.34M	0.17
2016/11/3	130.03	130	130.31	129.8	1.08M	0
2016/11/2	130.03	129.73	130.27	129.72	1.48M	0.18
2016/11/1	129.8	129.67	129.91	129.27	1.47M	0.14
2016/10/31	129.62	129.59	129.72	129.48	1.09M	0.05
2016/10/28	129.55	129.42	129.67	129.2	1.39M	0.02
2016/10/27	129.52	129.89	129.91	129.3	1.58M	-0.32
2016/10/26	129.94	130.19	130.3	129.86	1.05M	-0.18
2016/10/25	130.17	130.14	130.31	129.94	1.04M	0
2016/10/24	130.17	130.36	130.48	130.08	807.83K	-0.13
2016/10/21	130.34	130.19	130.41	130.14	746.96K	0.05
2016/10/20	130.28	130.31	130.48	130.12	1.07M	0.01
2016/10/19	130.27	130.36	130.45	130.12	970.17K	-0.02
2016/10/18	130.3	130.14	130.36	129.98	1.12M	0.14
2016/10/17	130.12	129.8	130.2	129.7	838.46K	0.2
2016/10/14	129.86	130.14	130.22	129.77	1.22M	-0.25
2016/10/13	130.19	129.89	130.27	129.88	1.12M	0.29
2016/10/12	129.81	129.84	129.91	129.53	1.22M	-0.06
2016/10/11	129.89	129.81	130.03	129.69	1.12M	0.07
2016/10/10	129.8	130.11	130.17	129.66	299.17K	-0.2
2016/10/7	130.06	130	130.22	129.72	1.49M	0.08
2016/10/6	129.95	130.23	130.39	129.94	1.30M	-0.21
2016/10/5	130.22	130.47	130.61	130.09	1.21M	-0.21
2016/10/4	130.5	130.92	131.03	130.44	1.40M	-0.34
2016/10/3	130.95	131.22	131.23	130.91	775.03K	-0.13
2016/9/30	131.12	131.5	131.73	131.06	1.67M	-0.33
2016/9/29	131.55	131.38	131.67	131.17	1.17M	0.08
2016/9/28	131.44	131.52	131.62	131.33	1.07M	-0.07
2016/9/27	131.53	131.36	131.67	131.14	1.17M	0.17
2016/9/26	131.31	131.06	131.45	131	828.18K	0.21
2016/9/23	131.03	130.92	131.08	130.86	719.77K	0.13
2016/9/22	130.86	130.7	131.09	130.66	1.08M	-0.4
2016/9/21	131.38	131.42	131.56	131.19	7.54K	-0.08
2016/9/20	131.48	131.33	131.66	131.33	12.47K	0.05
2016/9/19	131.42	131.53	131.56	131.31	6.93K	0.01
2016/9/16	131.41	131.58	131.8	131.39	3.16K	-0.03
2016/9/15	131.45	131.38	131.72	131.17	12.25K	0.01
2016/9/14	131.44	131.03	131.47	131.03	38.70K	0.36
2016/9/13	130.97	131.5	131.73	130.81	31.26K	-0.37
2016/9/12	131.45	131.25	131.58	131.16	7.41K	0.11
2016/9/9	131.31	131.77	131.83	131.27	25.62K	-0.27
2016/9/8	131.67	132.28	132.36	131.62	23.81K	-0.48
2016/9/7	132.3	132.33	132.48	132.22	57.78K	0
2016/9/6	132.3	131.67	132.36	131.56	46.68K	1.23
2016/9/5	130.69	130.66	130.78	130.62	0	0.01
2016/9/4	130.68	130.75	130.75	130.66	0	-0.79
2016/9/2	131.72	131.83	132.25	131.47	51.22K	-0.13
2016/9/1	131.89	131.73	132.02	131.39	191.90K	0.01
2016/8/31	131.88	131.92	132.08	131.72	256.77K	-0.01
2016/8/30	131.89	131.97	132.03	131.69	986.14K	-0.05
2016/8/29	131.95	131.38	132	131.3	1.64M	0.43
2016/8/26	131.38	132.05	132.44	131.36	2.76M	-0.51
2016/8/25	132.06	132.19	132.3	132	2.06M	-0.12
2016/8/24	132.22	132.28	132.36	132.11	1.30M	0
2016/8/23	132.22	132.27	132.42	132.05	1.05M	-0.05
2016/8/22	132.28	131.89	132.31	131.69	946.75K	0.25
2016/8/19	131.95	132.42	132.44	131.83	987.24K	-0.32
2016/8/18	132.38	132.22	132.48	132.08	884.81K	0.2
2016/8/17	132.11	132	132.39	131.83	1.11M	0.08
2016/8/16	132	132.22	132.64	131.88	1.46M	-0.19
2016/8/15	132.25	132.55	132.7	132.17	779.59K	-0.21
2016/8/12	132.53	132.09	132.91	132.03	1.19M	0.36
2016/8/11	132.05	132.7	132.78	132	1.00M	-0.51
2016/8/10	132.73	132.31	132.78	132.31	1.03M	0.29
2016/8/9	132.34	131.98	132.42	131.92	924.12K	0.22
2016/8/8	132.05	132.05	132.2	131.8	978.79K	-0.07
2016/8/5	132.14	133.02	133.06	132.05	1.32M	-0.61
2016/8/4	132.95	132.58	133.09	132.45	1.12M	0.28
2016/8/3	132.58	132.41	132.64	132.27	1.02M	0.02
2016/8/2	132.55	132.59	132.72	132.2	1.42M	-0.19
2016/8/1	132.8	133.12	133.12	132.56	1.03M	-0.19
2016/7/29	133.05	132.66	133.14	132.11	1.58M	0.37
2016/7/28	132.56	132.64	132.75	132.34	1.11M	0.01
2016/7/27	132.55	132.14	132.67	131.83	1.17M	0.33
2016/7/26	132.12	132.03	132.34	131.86	1.02M	0.05
2016/7/25	132.06	132.12	132.27	131.89	732.64K	-0.05
2016/7/22	132.12	132.3	132.52	131.91	993.88K	-0.08
2016/7/21	132.23	131.97	132.34	131.61	1.28M	0.19
2016/7/20	131.98	132.3	132.33	131.86	838.21K	-0.19
2016/7/19	132.23	132.05	132.41	132	887.41K	0.15
2016/7/18	132.03	131.94	132.25	131.73	854.81K	0.11
2016/7/15	131.88	132.34	132.52	131.78	1.24M	-0.39
2016/7/14	132.39	132.73	132.91	132.19	1.37M	-0.33
2016/7/13	132.83	132.48	132.94	132.47	1.20M	0.23
2016/7/12	132.52	133.16	133.25	132.36	1.43M	-0.48
2016/7/11	133.16	133.86	133.89	133.14	932.75K	-0.48
2016/7/8	133.8	133.69	134.02	133.05	1.46M	0.08
2016/7/7	133.69	133.84	133.94	133.34	1.17M	0.01
2016/7/6	133.67	133.84	134.23	133.58	1.43M	-0.16
2016/7/5	133.89	133.3	133.98	133	1.12M	0.46
2016/7/4	133.28	133.28	133.34	133.01	0	0.02
2016/7/3	133.26	133.28	133.3	133.14	0	0.14
2016/7/1	133.08	133.03	133.92	132.98	1.35M	0.08
2016/6/30	132.98	132.7	133.23	132.44	1.94M	-0.06
2016/6/29	133.06	133.19	133.31	132.69	1.10M	-0.14
2016/6/28	133.25	133.44	133.56	133.03	1.14M	-0.02
2016/6/27	133.28	132.75	133.47	132.7	1.32M	0.68
2016/6/24	132.38	130.7	134.22	130.67	3.13M	1.2
2016/6/23	130.81	131.28	131.28	130.73	1.10M	-0.4
2016/6/22	131.34	131.2	131.42	131.16	916.89K	0
2016/6/21	131.34	131.42	131.48	131.28	15.68K	-0.04
2016/6/20	131.39	131.39	131.53	131.14	17.32K	-0.29
2016/6/17	131.77	132.08	132.08	131.75	13.69K	-0.3
2016/6/16	132.16	132.16	132.55	131.98	9.07K	0.14
2016/6/15	131.98	131.67	132.14	131.52	26.64K	0.2
2016/6/14	131.72	131.72	132.12	131.62	36.55K	0.02
2016/6/13	131.69	131.59	131.78	131.48	16.57K	0.18
2016/6/10	131.45	131.05	131.53	131.05	14.41K	0.28
2016/6/9	131.08	130.92	131.25	130.89	13.58K	0.15
2016/6/8	130.89	130.92	131.05	130.86	9.26K	-0.04
2016/6/7	130.94	130.78	131.03	130.67	35.29K	0.06
2016/6/6	130.86	131	131	130.64	40.49K	-0.07
2016/6/3	130.95	129.94	131.02	129.88	70.09K	0.79
2016/6/2	129.92	129.67	130.03	129.64	122.72K	0.22
2016/6/1	129.64	129.66	130.02	129.59	139.87K	-0.12
2016/5/31	129.8	129.5	129.8	129.3	377.11K	0.32
2016/5/30	129.38	129.38	129.4	129.25	0	-0.32
2016/5/27	129.8	129.83	129.91	129.47	939.61K	-0.07
2016/5/26	129.89	129.47	129.91	129.44	1.74M	0.32
2016/5/25	129.47	129.53	129.61	129.33	1.98M	-0.07
2016/5/24	129.56	129.78	129.89	129.39	1.72M	-0.15
2016/5/23	129.75	129.72	129.94	129.61	1.03M	0.04
2016/5/20	129.7	129.64	129.8	129.5	896.68K	0.02
2016/5/19	129.67	129.55	129.78	129.31	1.64M	0.22
2016/5/18	129.38	130.3	130.38	129.33	1.93M	-0.79
2016/5/17	130.41	130.52	130.62	130.28	1.13M	-0.08
2016/5/16	130.52	131.03	131.11	130.48	906.70K	-0.34
2016/5/13	130.97	130.59	130.98	130.55	1.28M	0.29
2016/5/12	130.59	130.88	130.95	130.52	1.19M	-0.24
2016/5/11	130.91	130.75	131.09	130.66	1.11M	0.1
2016/5/10	130.78	130.88	130.91	130.62	992.39K	-0.02
2016/5/9	130.8	130.53	130.89	130.44	875.12K	0.21
2016/5/6	130.53	130.75	131.2	130.45	1.52M	-0.15
2016/5/5	130.73	130.5	130.88	130.25	1.19M	0.22
2016/5/4	130.44	130.31	130.55	130.16	1.12M	0.11
2016/5/3	130.3	129.64	130.47	129.64	1.32M	0.46
2016/5/2	129.7	129.92	130.16	129.62	890.23K	-0.28
2016/4/29	130.06	130.05	130.19	129.66	1.50M	0.08
2016/4/28	129.95	129.86	130.17	129.66	1.48M	0.13
2016/4/27	129.78	129.17	129.88	129.16	1.14M	0.47
2016/4/26	129.17	129.3	129.48	129.06	1.06M	-0.16
2016/4/25	129.38	129.52	129.7	129.28	943.31K	-0.07
2016/4/22	129.47	129.69	129.78	129.36	1.01M	-0.11
2016/4/21	129.61	129.81	129.91	129.45	1.40M	-0.11
2016/4/20	129.75	130.33	130.59	129.7	1.29M	-0.47
2016/4/19	130.36	130.5	130.5	130.2	1.02M	-0.11
2016/4/18	130.5	130.86	130.89	130.38	899.72K	-0.11
2016/4/15	130.64	130.3	130.73	130.2	819.01K	0.2
2016/4/14	130.38	130.61	130.7	130.2	1.08M	-0.18
2016/4/13	130.62	130.53	130.72	130.36	1.07M	0.05
2016/4/12	130.55	130.98	131.03	130.5	977.57K	-0.37
2016/4/11	131.03	131.08	131.22	130.77	806.16K	0
2016/4/8	131.03	131.23	131.27	130.84	783.76K	-0.17
2016/4/7	131.25	130.67	131.3	130.58	1.02M	0.43
2016/4/6	130.69	130.86	130.91	130.52	944.33K	-0.11
2016/4/5	130.83	130.59	130.97	130.56	996.73K	0.28
2016/4/4	130.47	130.47	130.64	130.31	739.94K	0.13
2016/4/1	130.3	130.48	130.5	130.06	1.28M	-0.07
2016/3/31	130.39	130.05	130.53	129.95	1.14M	0.28
2016/3/30	130.02	130.03	130.11	129.7	1.12M	0.02
2016/3/29	130	129.28	130.09	129.2	1.05M	0.46
2016/3/28	129.41	129.16	129.47	128.97	427.32K	0.15
2016/3/24	129.22	129.27	129.47	128.97	749.24K	-0.09
2016/3/23	129.33	128.73	129.36	128.64	886.49K	0.41
2016/3/22	128.8	129.02	129.38	128.7	1.05M	-0.58
2016/3/21	129.55	129.89	129.91	129.52	19.45K	-0.24
2016/3/18	129.86	129.62	129.92	129.62	11.43K	0.23
2016/3/17	129.56	129.53	129.92	129.5	6.41K	0.2
2016/3/16	129.3	128.84	129.52	128.52	18.24K	0.34
2016/3/15	128.86	128.84	129.23	128.77	18.64K	-0.02
2016/3/14	128.88	128.83	129.05	128.72	5.90K	0.06
2016/3/11	128.8	129.06	129.14	128.66	7.75K	-0.2
2016/3/10	129.06	129.47	129.78	128.94	11.52K	-0.32
2016/3/9	129.48	130	130	129.44	10.60K	-0.34
2016/3/8	129.92	129.38	130.09	129.38	17.76K	0.45
2016/3/7	129.34	129.58	129.58	129.27	44.40K	-0.12
2016/3/4	129.5	129.83	130.05	129.34	46.71K	-0.32
2016/3/3	129.92	129.83	130.05	129.62	24.37K	0.13
2016/3/2	129.75	130	130.17	129.59	94.73K	-0.19
2016/3/1	130	130.95	131.22	129.98	154.09K	-0.7
2016/2/29	130.91	130.78	131	130.66	264.22K	0.12
2016/2/26	130.75	131.25	131.27	130.58	1.28M	-0.53
2016/2/25	131.45	130.94	131.59	130.84	2.26M	0.34
2016/2/24	131	131.12	131.8	130.89	2.56M	0.05
2016/2/23	130.94	130.86	131.17	130.36	2.43M	0.12
2016/2/22	130.78	130.86	130.94	130.56	1.25M	-0.1
2016/2/19	130.91	131.09	131.28	130.64	1.32M	-0.01
2016/2/18	130.92	130.44	131.11	130.31	1.34M	0.37
2016/2/17	130.44	130.95	131.2	130.19	1.48M	-0.36
2016/2/16	130.91	130.98	131.16	130.62	1.58M	0.05
2016/2/15	130.85	131.04	131.15	130.76	0	-0.13
2016/2/14	131.02	130.96	131.04	130.93	0	-0.03
2016/2/12	131.06	131.84	132	130.95	1.73M	-0.73
2016/2/11	132.03	131.75	133.05	131.67	2.47M	0.4
2016/2/10	131.5	131.28	131.77	130.91	1.78M	0.14
2016/2/9	131.31	131.19	131.75	131.02	1.99M	0.01
2016/2/8	131.3	130.34	131.31	130.17	1.68M	0.72
2016/2/5	130.36	130.44	130.69	129.92	1.84M	0.07
2016/2/4	130.27	130	130.45	129.84	1.71M	0.19
2016/2/3	130.02	130.19	130.75	129.81	2.00M	-0.05
2016/2/2	130.09	129.28	130.22	129.27	1.42M	0.71
2016/2/1	129.17	129.59	129.8	129.16	1.23M	-0.32
2016/1/29	129.58	129.06	129.69	128.97	1.69M	0.43
2016/1/28	129.03	128.88	129.09	128.53	1.64M	0.13
2016/1/27	128.86	128.78	128.94	128.31	1.15M	0.04
2016/1/26	128.81	128.69	129.08	128.5	1.09M	0.2
2016/1/25	128.55	128.31	128.7	128.22	864.68K	0.13
2016/1/22	128.38	128.56	128.73	128.08	1.25M	-0.23
2016/1/21	128.67	128.86	129.17	128.5	1.84M	-0.16
2016/1/20	128.88	128.27	129.25	128.25	2.00M	0.38
2016/1/19	128.39	128.5	128.59	128.02	1.57M	0
2016/1/18	128.38	128.51	128.57	128.24	0	-0.09
2016/1/17	128.49	128.52	128.6	128.48	0	0.04
2016/1/15	128.45	127.89	128.91	127.81	1.91M	0.49
2016/1/14	127.83	127.84	128.22	127.62	1.55M	-0.18
2016/1/13	128.06	127.73	128.27	127.42	1.70M	0.18
2016/1/12	127.83	127.2	128	126.98	1.47M	0.37
2016/1/11	127.36	127.53	127.72	127.06	1.17M	-0.04
2016/1/8	127.41	127.14	127.56	126.58	1.66M	0.24
2016/1/7	127.11	126.84	127.31	126.67	1.45M	0.2
2016/1/6	126.86	126.31	126.92	126.23	1.16M	0.48
2016/1/5	126.25	126.16	126.44	126.02	950.15K	0.07
2016/1/4	126.16	125.88	126.56	125.77	1.12M	0.2
2015/12/31	125.91	125.7	125.98	125.62	459.34K	0.24
2015/12/30	125.61	125.69	125.8	125.44	706.09K	-0.04
2015/12/29	125.66	126.25	126.33	125.55	620.23K	-0.48
2015/12/28	126.27	126.09	126.41	126.02	327.71K	0.08
2015/12/24	126.17	126.05	126.19	125.95	180.13K	0.13
2015/12/23	126	126.23	126.23	125.89	475.29K	-0.13
2015/12/22	126.17	126.52	126.66	126.16	517.33K	-0.78
2015/12/21	127.16	127	127.27	126.95	3.41K	0.03
2015/12/18	127.12	126.88	127.23	126.84	12.65K	0.29
2015/12/17	126.75	126.45	126.89	126.45	4.01K	0.28
2015/12/16	126.39	126.75	126.75	126.08	15.48K	-0.26
2015/12/15	126.72	127.11	127.19	126.53	14.28K	-0.24
2015/12/14	127.03	127.67	127.75	127	10.81K	-0.54
2015/12/11	127.72	126.92	127.88	126.92	14.98K	0.61
2015/12/10	126.95	127.19	127.25	126.94	28.20K	-0.24
2015/12/9	127.25	126.97	127.33	126.7	17.51K	0.26
2015/12/8	126.92	126.88	127.16	126.8	20.55K	-0.02
2015/12/7	126.94	126.5	127.06	126.44	30.11K	0.31
2015/12/4	126.55	126.31	126.66	125.94	58.28K	0.29
2015/12/3	126.19	127.23	127.3	125.98	86.93K	-0.87
2015/12/2	127.3	127.55	127.56	127.09	58.68K	-0.17
2015/12/1	127.52	127.08	127.62	126.83	99.02K	0.39
2015/11/30	127.02	127.08	127.16	126.88	258.72K	-0.05
2015/11/27	127.08	126.92	127.23	126.92	509.24K	0
2015/11/26	127.08	126.96	127.15	126.94	0	0.08
2015/11/25	126.98	126.92	127.08	126.81	1.61M	0.06
2015/11/24	126.91	126.86	127.19	126.77	2.36M	0.08
2015/11/23	126.81	126.64	126.89	126.38	1.72M	0.11
2015/11/20	126.67	126.73	126.95	126.64	955.50K	-0.09
2015/11/19	126.78	126.61	126.89	126.55	1.02M	0.09
2015/11/18	126.66	126.69	126.78	126.42	901.42K	-0.06
2015/11/17	126.73	126.66	126.84	126.31	1.09M	0.05
2015/11/16	126.67	126.94	126.94	126.62	965.99K	0.11
2015/11/13	126.53	126.23	126.66	126.14	1.05M	0.26
2015/11/12	126.2	126.12	126.38	126.02	1.11M	0.11
2015/11/11	126.06	126.12	126.23	126.03	231.60K	-0.19
2015/11/10	126.3	125.98	126.36	125.95	1.13M	0.21
2015/11/9	126.03	126.12	126.14	125.7	1.31M	-0.02
2015/11/6	126.05	126.94	127	125.88	1.84M	-0.61
2015/11/5	126.83	126.95	127.06	126.67	1.29M	-0.07
2015/11/4	126.92	127.16	127.28	126.8	1.37M	-0.15
2015/11/3	127.11	127.5	127.52	127.05	923.02K	-0.21
2015/11/2	127.38	127.77	127.83	127.34	983.05K	-0.24
2015/10/30	127.69	127.62	127.83	127.45	1.47M	0.06
2015/10/29	127.61	128.14	128.27	127.55	1.57M	-0.46
2015/10/28	128.2	128.86	128.91	128.11	1.29M	-0.56
2015/10/27	128.92	128.61	129.08	128.56	943.95K	0.26
2015/10/26	128.59	128.41	128.67	128.33	743.73K	0.13
2015/10/23	128.42	128.89	128.92	128.28	1.26M	-0.4
2015/10/22	128.94	128.92	129.09	128.67	1.11M	0.05
2015/10/21	128.88	128.56	129	128.53	846.53K	0.25
2015/10/20	128.56	128.98	129.06	128.48	1.04M	-0.32
2015/10/19	128.97	128.95	129.12	128.72	885.05K	-0.05
2015/10/16	129.03	129.12	129.3	128.94	776.69K	-0.07
2015/10/15	129.12	129.59	129.62	129.08	1.08M	-0.33
2015/10/14	129.55	128.94	129.62	128.91	1.22M	0.54
2015/10/13	128.86	128.78	128.98	128.62	823.76K	0.07
2015/10/12	128.77	128.56	128.81	128.44	154.26K	0.23
2015/10/9	128.48	128.52	128.72	128.17	955.70K	0.01
2015/10/8	128.47	128.72	129.06	128.36	1.18M	-0.26
2015/10/7	128.81	129.06	129.12	128.61	987.29K	-0.17
2015/10/6	129.03	128.83	129.09	128.69	1.06M	0.16
2015/10/5	128.83	129.3	129.47	128.78	898.16K	-0.39
2015/10/2	129.34	128.8	130.02	128.59	1.92M	0.46
2015/10/1	128.75	128.88	129.03	128.58	1.26M	0.02
2015/9/30	128.73	128.78	128.92	128.34	1.28M	-0.06
2015/9/29	128.81	128.41	128.89	128.27	1.36M	0.29
2015/9/28	128.44	127.89	128.45	127.83	1.02M	0.47
2015/9/25	127.84	127.88	127.98	127.44	1.20M	-0.22
2015/9/24	128.12	127.91	128.47	127.81	1.27M	0.12
2015/9/23	127.97	128.05	128.34	127.78	914.62K	-0.11
2015/9/22	128.11	127.41	128.19	127.39	947.07K	0.06
2015/9/21	128.03	128.33	128.33	128.03	14.34K	-0.43
2015/9/18	128.58	128.19	128.59	128.17	11.61K	0.54
2015/9/17	127.89	127.16	128.12	127.14	16.45K	0.61
2015/9/16	127.11	127.3	127.45	127.12	13.13K	-0.13
2015/9/15	127.28	128.12	128.25	127.19	27.01K	-0.66
2015/9/14	128.12	127.98	128.27	127.98	15.16K	0.01
2015/9/11	128.11	127.72	128.16	127.69	7.50K	0.3
2015/9/10	127.73	128	128.05	127.59	8.81K	-0.21
2015/9/9	128	127.8	128.02	127.36	36.33K	0.13
2015/9/8	127.83	128.23	128.25	127.8	46.62K	0.23
2015/9/7	127.54	127.58	127.68	127.42	0	-0.05
2015/9/6	127.6	127.72	127.76	127.58	0	-0.55
2015/9/4	128.3	128	128.56	127.95	54.58K	0.27
2015/9/3	127.95	127.75	128.12	127.73	72.46K	0.17
2015/9/2	127.73	128	128.11	127.66	78.67K	-0.12
2015/9/1	127.88	127.52	128.31	127.47	156.71K	0.19
2015/8/31	127.64	127.52	128.17	127.41	262.06K	-0.11
2015/8/28	127.78	127.84	128.34	127.67	1.15M	-0.13
2015/8/27	127.95	127.91	128.17	127.56	2.34M	0.01
2015/8/26	127.94	128.56	128.81	127.78	2.83M	-0.09
2015/8/25	128.06	129.02	129.12	128.02	2.40M	-0.88
2015/8/24	129.2	128.84	129.89	128.73	2.44M	0.41
2015/8/21	128.67	128.47	128.88	128.34	1.31M	0.26
2015/8/20	128.33	128.06	128.48	128.03	1.09M	0.19
2015/8/19	128.09	127.44	128.23	127.12	1.32M	0.5
2015/8/18	127.45	127.61	127.91	127.38	744.61K	-0.25
2015/8/17	127.77	127.39	127.83	127.33	667.87K	0.32
2015/8/14	127.36	127.47	127.69	127.19	743.35K	-0.09
2015/8/13	127.48	127.86	128.22	127.41	1.29M	-0.38
2015/8/12	127.97	127.83	128.69	127.7	1.58M	0.09
2015/8/11	127.86	127.09	128.08	127.03	1.25M	0.66
2015/8/10	127.02	127.5	127.52	126.95	673.54K	-0.34
2015/8/7	127.45	127.06	127.56	126.81	1.17M	0.34
2015/8/6	127.02	126.75	127.14	126.66	834.81K	0.21
2015/8/5	126.75	127.11	127.23	126.55	1.29M	-0.41
2015/8/4	127.27	127.8	127.88	127.08	1.02M	-0.44
2015/8/3	127.83	127.58	127.92	127.36	974.28K	0.31
2015/7/31	127.44	126.86	127.62	126.64	1.42M	0.47
2015/7/30	126.84	126.73	126.91	126.34	1.23M	0.02
2015/7/29	126.81	126.92	126.98	126.62	829.28K	-0.15
2015/7/28	127	127.22	127.23	126.81	851.80K	-0.13
2015/7/27	127.16	126.78	127.28	126.77	794.99K	0.35
2015/7/24	126.72	126.59	126.88	126.55	873.57K	0.09
2015/7/23	126.61	126.28	126.69	126.12	955.34K	0.24
2015/7/22	126.31	126.27	126.48	126.16	847.96K	0.09
2015/7/21	126.2	125.92	126.3	125.69	827.09K	0.25
2015/7/20	125.89	126.12	126.16	125.7	769.58K	-0.18
2015/7/17	126.12	126.14	126.31	125.89	758.36K	-0.04
2015/7/16	126.17	126.25	126.31	125.86	896.85K	-0.13
2015/7/15	126.34	125.97	126.39	125.61	1.04M	0.32
2015/7/14	125.94	125.47	126.03	125.42	928.62K	0.28
2015/7/13	125.59	126.38	126.38	125.31	1.16M	-0.11
2015/7/10	125.73	126.52	126.53	125.69	1.32M	-0.74
2015/7/9	126.67	127.44	127.56	126.5	1.17M	-0.56
2015/7/8	127.38	126.89	127.59	126.86	1.48M	0.2
2015/7/7	127.12	126.64	127.56	126.47	1.54M	0.28
2015/7/6	126.77	127	127.2	125.86	1.39M	0.36
2015/7/3	126.31	125.9	126.38	125.88	0	0.34
2015/7/2	125.88	125.47	126.11	125.16	1.21M	0.33
2015/7/1	125.47	125.97	126.03	125.28	1.26M	-0.55
2015/6/30	126.17	126.22	126.39	125.81	1.71M	-0.02
2015/6/29	126.2	126.31	126.91	125.59	1.69M	0.94
2015/6/26	125.02	125.48	125.62	124.91	1.08M	-0.45
2015/6/25	125.58	125.73	125.81	125.28	1.27M	-0.12
2015/6/24	125.73	125.45	125.78	125.33	1.15M	0.22
2015/6/23	125.45	125.73	125.8	125.28	1.20M	-0.3
2015/6/22	125.83	126.44	126.48	125.69	1.07M	-1.13
2015/6/19	127.27	127	127.5	126.88	16.00K	0.5
2015/6/18	126.64	127.19	127.27	126.39	8.72K	-0.21
2015/6/17	126.91	126.72	126.94	126	15.09K	0.21
2015/6/16	126.64	126.42	126.7	126.36	15.51K	0.22
2015/6/15	126.36	126.25	126.69	126.19	10.05K	0.21
2015/6/12	126.09	126.22	126.47	125.89	31.83K	-0.04
2015/6/11	126.14	125.56	126.16	125.31	15.56K	0.53
2015/6/10	125.48	125.73	125.78	125.36	18.89K	-0.34
2015/6/9	125.91	126.11	126.36	125.61	12.21K	-0.18
2015/6/8	126.14	125.88	126.25	125.83	25.04K	0.16
2015/6/5	125.94	126.69	126.69	125.53	37.38K	-0.6
2015/6/4	126.7	126.28	126.84	125.78	66.13K	0.36
2015/6/3	126.25	127.03	127.09	126.12	95.40K	-0.59
2015/6/2	127	127.69	127.69	126.91	146.45K	-0.44
2015/6/1	127.56	128.14	128.3	127.52	166.15K	-0.58
2015/5/29	128.31	127.97	128.33	127.94	389.44K	0.22
2015/5/28	128.03	127.91	128.11	127.81	1.87M	0.11
2015/5/27	127.89	127.89	127.95	127.58	2.74M	-0.02
2015/5/26	127.91	127.53	127.95	127.33	2.48M	0.49
2015/5/22	127.28	127.7	127.91	127.12	1.28M	-0.34
2015/5/21	127.72	127.27	127.73	127.17	1.33M	0.35
2015/5/20	127.27	126.88	127.44	126.86	1.27M	0.19
2015/5/19	127.03	127.3	127.77	126.77	1.69M	-0.27
2015/5/18	127.38	127.97	128.09	127.27	1.04M	-0.51
2015/5/15	128.03	127.41	128.14	127.41	1.21M	0.5
2015/5/14	127.39	126.92	127.5	126.84	1.49M	0.32
2015/5/13	126.98	127.08	127.67	126.88	1.95M	-0.06
2015/5/12	127.05	126.81	127.22	126.2	2.10M	0.13
2015/5/11	126.89	127.8	128	126.8	1.33M	-0.74
2015/5/8	127.83	127.33	128.2	127.23	1.68M	0.35
2015/5/7	127.39	126.98	127.52	126.42	1.89M	0.24
2015/5/6	127.09	127.39	127.48	126.91	1.61M	-0.26
2015/5/5	127.42	127.72	127.97	127.25	1.50M	-0.27
2015/5/4	127.77	127.88	128.08	127.59	881.00K	-0.01
2015/5/1	127.78	128.45	128.45	127.73	890.61K	-0.47
2015/4/30	128.38	128.5	128.64	127.81	1.97M	-0.11
2015/4/29	128.52	128.73	128.91	128.09	2.03M	-0.33
2015/4/28	128.95	129.36	129.41	128.7	1.13M	-0.28
2015/4/27	129.31	129.31	129.58	129.12	697.06K	-0.06
2015/4/24	129.39	129.06	129.47	128.91	1.07M	0.19
2015/4/23	129.14	128.83	129.2	128.73	1.21M	0.22
2015/4/22	128.86	129.41	129.53	128.7	1.18M	-0.39
2015/4/21	129.36	129.53	129.72	129.31	707.52K	-0.13
2015/4/20	129.53	129.59	129.8	129.44	789.14K	-0.22
2015/4/17	129.81	129.58	129.97	129.39	1.18M	0.09
2015/4/16	129.69	129.5	129.75	129.27	1.17M	0.19
2015/4/15	129.44	129.34	129.62	129.25	762.08K	0.1
2015/4/14	129.31	129.09	129.7	129.05	1.17M	0.26
2015/4/13	128.98	128.84	129.09	128.58	774.59K	0.13
2015/4/10	128.81	128.83	129.09	128.75	816.50K	-0.02
2015/4/9	128.84	129.25	129.53	128.75	1.02M	-0.4
2015/4/8	129.36	129.39	129.55	129.11	900.23K	0
2015/4/7	129.36	129.44	129.5	129.12	806.44K	-0.05
2015/4/6	129.42	129.91	130.03	129.34	517.34K	-0.38
2015/4/3	129.92	129.91	130.12	129.11	379.79K	0.58
2015/4/2	129.17	129.42	129.72	129.08	871.52K	-0.16
2015/4/1	129.38	128.91	129.52	128.75	1.14M	0.36
2015/3/31	128.91	128.72	128.98	128.56	1.09M	0.25
2015/3/30	128.59	128.55	128.77	128.44	820.97K	-0.08
2015/3/27	128.69	128.39	128.7	128.25	949.74K	0.36
2015/3/26	128.23	128.72	129.06	128.17	1.33M	-0.45
2015/3/25	128.81	129.16	129.39	128.69	1.01M	-0.22
2015/3/24	129.09	128.88	129.22	128.75	975.94K	0.19
2015/3/23	128.84	128.69	128.94	128.61	745.37K	-0.29
2015/3/20	129.22	128.84	129.28	128.84	4.02K	0.32
2015/3/19	128.81	129.36	129.56	128.7	21.40K	-0.27
2015/3/18	129.16	128.19	129.52	128.16	25.91K	0.82
2015/3/17	128.11	127.98	128.31	127.97	15.81K	0.21
2015/3/16	127.84	127.81	128.14	127.72	11.41K	0.05
2015/3/13	127.77	127.61	128	127.42	6.15K	-0.05
2015/3/12	127.83	127.61	128.28	127.55	15.93K	0.17
2015/3/11	127.61	127.61	127.78	127.27	11.72K	0.04
2015/3/10	127.56	127.11	127.7	126.98	29.94K	0.37
2015/3/9	127.09	126.73	127.16	126.66	49.66K	0.27
2015/3/6	126.75	127.69	128.17	126.62	38.76K	-0.76
2015/3/5	127.72	127.64	127.83	127.39	74.46K	0.13
2015/3/4	127.56	127.52	127.75	127.39	61.73K	0.07
2015/3/3	127.47	127.81	127.86	127.44	62.21K	-0.23
2015/3/2	127.77	128.41	128.5	127.69	169.82K	-0.51
2015/2/27	128.42	128.23	128.48	128.02	354.79K	0.11
2015/2/26	128.28	128.7	129.03	128.09	1.44M	-0.34
2015/2/25	128.72	128.7	128.89	128.52	2.02M	0.02
2015/2/24	128.69	128.03	128.78	127.58	2.47M	0.52
2015/2/23	128.02	127.5	128.05	127.42	1.38M	0.48
2015/2/20	127.41	127.55	128.23	127.31	1.55M	-0.14
2015/2/19	127.59	127.97	128.25	127.5	1.23M	-0.34
2015/2/18	128.02	127.36	128.25	127.06	1.63M	0.61
2015/2/17	127.25	128.05	128.44	127.14	1.65M	-0.85
2015/2/16	128.34	127.92	128.37	127.88	0	0.32
2015/2/15	127.93	128.05	128.07	127.92	0	-0.23
2015/2/13	128.23	128.44	128.5	128.05	917.15K	-0.15
2015/2/12	128.42	128.16	128.59	127.86	1.49M	0.05
2015/2/11	128.36	128.38	128.59	128	1.12M	0
2015/2/10	128.36	128.44	128.56	128.12	1.26M	-0.19
2015/2/9	128.61	128.61	129.11	128.34	1.13M	-0.09
2015/2/6	128.72	129.8	130.36	128.47	1.81M	-0.88
2015/2/5	129.86	130.44	130.62	129.66	1.20M	-0.11
2015/2/4	130	129.97	130.48	129.58	1.55M	-0.05
2015/2/3	130.06	130.92	131.05	129.89	1.37M	-0.66
2015/2/2	130.92	131.05	131.11	130.56	1.26M	0.03
2015/1/30	130.88	130.2	131.17	130.12	1.72M	0.53
2015/1/29	130.19	130.42	130.53	129.91	1.28M	-0.21
2015/1/28	130.47	129.66	130.62	129.5	1.29M	0.62
2015/1/27	129.66	129.55	130.17	129.5	1.18M	0.12
2015/1/26	129.5	130	130.19	129.38	904.98K	-0.13
2015/1/23	129.67	129.31	130.02	129.22	1.18M	0.43
2015/1/22	129.12	129.36	129.84	128.73	1.70M	-0.25
2015/1/21	129.44	129.94	130.14	129.28	1.57M	-0.32
2015/1/20	129.86	129.81	130.34	129.66	1.35M	-0.14
2015/1/19	130.04	129.82	130.17	129.71	0	0.15
2015/1/18	129.84	129.81	129.84	129.81	0	-0.02
2015/1/16	129.86	130.75	130.94	129.73	1.61M	-0.37
2015/1/15	130.34	129.59	130.94	129.2	1.88M	0.44
2015/1/14	129.77	129.27	130.23	129.2	1.99M	0.36
2015/1/13	129.31	129.11	129.55	128.84	1.66M	0.19
2015/1/12	129.06	128.78	129.14	128.53	840.49K	0.37
2015/1/9	128.58	128.11	128.84	128.06	1.45M	0.37
2015/1/8	128.11	128.31	128.38	127.97	941.74K	-0.28
2015/1/7	128.47	128.5	128.69	128.02	1.48M	0.09
2015/1/6	128.36	127.75	129.11	127.73	1.74M	0.46
2015/1/5	127.77	127.16	127.84	127.05	901.82K	0.48
2015/1/2	127.16	126.61	127.33	126.41	768.08K	0.45
2015/1/1	126.59	126.71	126.71	126.59	0	-0.17
2014/12/31	126.8	126.61	126.81	126.56	270.13K	0.17
2014/12/30	126.58	126.38	126.75	126.38	419.04K	0.15
2014/12/29	126.39	126	126.48	125.97	434.21K	0.29
2014/12/26	126.02	125.98	126.11	125.92	165.06K	0.03
2014/12/25	125.98	125.99	125.99	125.96	0	0.02
2014/12/24	125.95	125.98	126.19	125.66	341.49K	-0.04
2014/12/23	126	126.72	126.8	125.91	547.91K	-0.55
2014/12/22	126.7	126.69	126.83	126.52	427.54K	-0.35
2014/12/19	127.14	126.94	127.28	126.81	4.39K	0.09
2014/12/18	127.02	127.42	127.72	126.88	14.52K	-0.33
2014/12/17	127.44	128.25	128.28	127.41	13.19K	-0.52
2014/12/16	128.11	127.86	128.78	127.84	10.15K	0.32
2014/12/15	127.7	128.11	128.25	127.62	30.07K	-0.2
2014/12/12	127.95	127.38	128.2	127.38	22.45K	0.46
2014/12/11	127.36	127.78	127.89	127.08	41.02K	-0.2
2014/12/10	127.62	127.09	127.75	127.08	19.54K	0.38
2014/12/9	127.14	126.73	127.39	126.7	16.22K	0.27
2014/12/8	126.8	126.45	126.94	126.17	19.38K	0.22
2014/12/5	126.52	127.23	127.23	126.36	38.30K	-0.46
2014/12/4	127.11	126.92	127.22	126.75	44.80K	0.17
2014/12/3	126.89	126.92	127.02	126.77	82.93K	-0.05
2014/12/2	126.95	127.39	127.42	126.89	116.74K	-0.45
2014/12/1	127.52	127.84	128.06	127.3	237.12K	-0.11
2014/11/28	127.66	127.3	127.78	127.28	234.76K	0.58
2014/11/27	126.93	126.7	126.98	126.67	0	-0.34
2014/11/26	127.36	127.11	127.41	127.09	1.49M	0.19
2014/11/25	127.12	126.78	127.16	126.69	2.74M	0.27
2014/11/24	126.78	126.69	126.88	126.52	1.78M	0.07
2014/11/21	126.69	126.52	126.72	126.36	1.13M	0.1
2014/11/20	126.56	126.34	126.81	126.34	1.61M	0.13
2014/11/19	126.39	126.66	126.7	126.27	1.15M	-0.2
2014/11/18	126.64	126.5	126.73	126.47	843.36K	0.13
2014/11/17	126.47	126.61	127	126.42	993.85K	-0.17
2014/11/14	126.69	126.52	126.75	126.17	1.17M	0.17
2014/11/13	126.48	126.22	126.55	126.16	1.05M	0.12
2014/11/12	126.33	126.19	126.62	126.11	1.01M	0.17
2014/11/11	126.11	126.27	126.34	126.06	228.15K	-0.13
2014/11/10	126.27	126.67	127.02	126.25	945.73K	-0.31
2014/11/7	126.66	126	126.75	125.84	1.61M	0.48
2014/11/6	126.06	126.33	126.47	125.91	1.16M	-0.17
2014/11/5	126.28	126.33	126.42	126.06	956.06K	0
2014/11/4	126.28	126.31	126.62	126.22	1.14M	0.01
2014/11/3	126.27	126.42	126.62	125.95	1.14M	-0.07
2014/10/31	126.36	126.62	126.73	126.2	1.39M	-0.21
2014/10/30	126.62	126.55	126.77	126.31	1.37M	0.13
2014/10/29	126.45	126.89	127.02	126.19	1.16M	-0.39
2014/10/28	126.95	127.09	127.22	126.81	1.17M	-0.15
2014/10/27	127.14	126.97	127.25	126.8	908.12K	0.09
2014/10/24	127.03	127.06	127.45	127	1.36M	0.01
2014/10/23	127.02	127.55	127.69	126.81	1.42M	-0.31
2014/10/22	127.42	127.53	127.88	127.23	1.31M	-0.19
2014/10/21	127.66	127.73	128.27	127.44	1.49M	-0.12
2014/10/20	127.81	127.62	127.97	127.39	1.40M	0.13
2014/10/17	127.64	127.98	128.33	127.44	1.97M	-0.32
2014/10/16	128.05	128.23	129.56	127.78	3.20M	-0.4
2014/10/15	128.56	127.5	130.53	127.23	4.10M	0.88
2014/10/14	127.44	127.34	127.73	127	2.15M	0.22
2014/10/13	127.16	126.77	127.39	126.7	516.67K	0.48
2014/10/10	126.55	126.52	126.78	126.22	1.40M	0.09
2014/10/9	126.44	126.45	126.89	126.34	2.29M	0.05
2014/10/8	126.38	126.06	126.62	125.8	2.29M	0.3
2014/10/7	126	125.45	126.12	125.36	1.57M	0.47
2014/10/6	125.41	125.19	125.58	125.11	1.11M	0.22
2014/10/3	125.14	125.39	125.41	124.81	1.78M	-0.14
2014/10/2	125.31	125.62	125.72	125.27	1.77M	-0.17
2014/10/1	125.52	124.8	125.66	124.69	1.96M	0.71
2014/9/30	124.64	124.84	124.86	124.5	1.42M	-0.1
2014/9/29	124.77	124.5	124.88	124.39	1.16M	0.27
2014/9/26	124.44	124.78	124.92	124.34	1.68M	-0.25
2014/9/25	124.75	124.28	124.84	124.27	1.42M	0.38
2014/9/24	124.28	124.56	124.59	124.25	1.03M	-0.2
2014/9/23	124.53	124.27	124.59	124.25	938.26K	0.2
2014/9/22	124.28	124.03	124.39	124.03	1.02M	-0.14
2014/9/19	124.45	124.25	124.52	123.94	6.49K	0.14
2014/9/18	124.28	124.36	124.5	124.14	5.07K	-0.25
2014/9/17	124.59	124.7	125.12	124.38	28.96K	-0.09
2014/9/16	124.7	124.72	125.05	124.67	21.95K	0.03
2014/9/15	124.66	124.56	124.73	124.44	6.64K	0.14
2014/9/12	124.48	124.81	124.88	124.47	22.73K	-0.38
2014/9/11	124.95	124.86	125.11	124.8	19.79K	0.02
2014/9/10	124.92	125.06	125.16	124.81	24.04K	-0.15
2014/9/9	125.11	125.33	125.38	125.06	19.61K	-0.25
2014/9/8	125.42	125.61	125.83	125.34	17.29K	-0.09
2014/9/5	125.53	125.45	126.16	125.31	66.92K	0.04
2014/9/4	125.48	125.83	126.08	125.41	103.41K	-0.24
2014/9/3	125.78	125.83	125.86	125.36	116.98K	-0.02
2014/9/2	125.8	126.28	126.31	125.66	222.26K	0.1
2014/9/1	125.68	125.75	125.76	125.63	0	-0.51
2014/8/29	126.33	126.38	126.47	126.23	322.49K	-0.06
2014/8/28	126.41	126.25	126.58	126.23	1.59M	0.14
2014/8/27	126.23	126	126.31	125.97	2.31M	0.16
2014/8/26	126.03	125.98	126.2	125.94	1.95M	0.06
2014/8/25	125.95	125.84	126.08	125.81	1.31M	0.05
2014/8/22	125.89	126	126.23	125.61	1.47M	-0.1
2014/8/21	126.02	125.92	126.12	125.78	1.14M	0.08
2014/8/20	125.92	126.25	126.3	125.8	1.19M	-0.24
2014/8/19	126.22	126.28	126.59	126.2	990.94K	-0.11
2014/8/18	126.36	126.62	126.66	126.25	783.61K	-0.22
2014/8/15	126.64	126.25	127.03	126.17	1.61M	0.27
2014/8/14	126.3	126.12	126.44	126.02	1.29M	0.13
2014/8/13	126.14	125.8	126.22	125.56	1.33M	0.25
2014/8/12	125.83	125.86	126	125.77	840.88K	-0.07
2014/8/11	125.92	125.83	126	125.73	811.02K	-0.04
2014/8/8	125.97	125.95	126.55	125.86	1.83M	0.04
2014/8/7	125.92	125.52	126.02	125.39	1.34M	0.33
2014/8/6	125.5	125.34	125.77	125.31	1.23M	0.09
2014/8/5	125.39	125.44	125.55	125.09	1.18M	0.01
2014/8/4	125.38	125.25	125.56	125.17	752.79K	0.1
2014/8/1	125.25	124.64	125.39	124.41	2.34M	0.51
2014/7/31	124.61	124.69	124.77	124.23	1.89M	-0.04
2014/7/30	124.66	125.34	125.42	124.44	1.83M	-0.57
2014/7/29	125.38	125.16	125.44	125.03	1.13M	0.21
2014/7/28	125.12	125.3	125.33	125.06	765.57K	-0.15
2014/7/25	125.31	125.11	125.36	124.94	942.50K	0.21
2014/7/24	125.05	125.41	125.47	124.95	1.17M	-0.3
2014/7/23	125.42	125.42	125.55	125.3	608.59K	0.01
2014/7/22	125.41	125.31	125.45	125.06	1.02M	0.11
2014/7/21	125.27	125.23	125.52	125.19	710.50K	-0.01
2014/7/18	125.28	125.59	125.73	125.16	1.00M	-0.06
2014/7/17	125.36	124.98	125.67	124.97	1.53M	0.38
2014/7/16	124.89	124.92	125.05	124.75	722.27K	-0.02
2014/7/15	124.91	124.98	125.25	124.75	1.33M	-0.05
2014/7/14	124.97	125.22	125.25	124.97	558.11K	-0.2
2014/7/11	125.22	125.12	125.38	125.03	662.22K	0.04
2014/7/10	125.17	124.91	125.48	124.91	1.40M	0.15
2014/7/9	124.98	124.77	125	124.42	1.15M	0.18
2014/7/8	124.75	124.41	124.88	124.33	1.02M	0.29
2014/7/7	124.39	124.22	124.42	124.06	637.58K	0.12
2014/7/4	124.24	124.24	124.29	124.15	0	0.02
2014/7/3	124.22	124.44	124.5	123.81	1.31M	-0.14
2014/7/2	124.39	124.86	124.98	124.38	1.07M	-0.39
2014/7/1	124.88	125.08	125.16	124.81	832.28K	-0.23
2014/6/30	125.17	125.09	125.23	124.95	825.14K	0.06
2014/6/27	125.09	125	125.28	124.98	751.83K	0.01
2014/6/26	125.08	124.77	125.17	124.7	1.13M	0.22
2014/6/25	124.8	124.59	125.08	124.55	1.18M	0.19
2014/6/24	124.56	124.25	124.64	124.22	1.13M	0.23
2014/6/23	124.27	124.38	124.53	124.22	659.78K	0
2014/6/20	124.27	124.38	124.45	124.08	849.31K	-0.77
2014/6/19	125.23	125.39	125.61	125.16	4.22K	0.11
2014/6/18	125.09	124.75	125.34	124.7	3.50K	0.27
2014/6/17	124.75	125.16	125.25	124.75	4.29K	-0.34
2014/6/16	125.17	125.28	125.38	125.05	12.85K	0
2014/6/13	125.17	125.25	125.28	124.86	9.93K	-0.19
2014/6/12	125.41	124.91	125.47	124.81	6.57K	0.35
2014/6/11	124.97	124.8	125.12	124.69	9.91K	0.06
2014/6/10	124.89	125.12	125.2	124.8	14.56K	-0.14
2014/6/9	125.06	125.25	125.25	124.95	11.72K	-0.14
2014/6/6	125.23	125.42	125.8	125.19	21.21K	-0.1
2014/6/5	125.36	125.2	125.53	124.91	37.80K	0.16
2014/6/4	125.16	125.2	125.45	125.05	51.30K	-0.09
2014/6/3	125.27	125.75	125.83	125.19	111.43K	-0.36
2014/6/2	125.72	126.14	126.2	125.64	196.15K	-0.48
2014/5/30	126.33	126.25	126.34	126.03	313.67K	-0.06
2014/5/29	126.41	126.42	126.77	126.22	1.71M	-0.06
2014/5/28	126.48	125.89	126.53	125.88	2.97M	0.45
2014/5/27	125.91	125.75	125.92	125.61	1.94M	0.78
2014/5/26	124.94	124.93	125.03	124.88	0	-0.68
2014/5/23	125.8	125.66	125.91	125.61	808.37K	0.14
2014/5/22	125.62	125.8	125.88	125.56	1.10M	-0.15
2014/5/21	125.81	125.95	126.11	125.56	1.30M	-0.15
2014/5/20	126	125.67	126.05	125.62	1.17M	0.21
2014/5/19	125.73	125.69	126.05	125.66	950.87K	-0.04
2014/5/16	125.78	125.94	126.02	125.69	1.08M	-0.11
2014/5/15	125.92	125.58	126.16	125.39	2.04M	0.24
2014/5/14	125.62	125.09	125.81	125.03	1.60M	0.45
2014/5/13	125.06	124.72	125.14	124.64	1.04M	0.26
2014/5/12	124.73	124.97	124.98	124.67	717.14K	-0.22
2014/5/9	125	125	125.19	124.91	935.11K	-0.09
2014/5/8	125.11	124.84	125.16	124.77	1.43M	0.18
2014/5/7	124.88	124.66	124.97	124.47	1.50M	0.19
2014/5/6	124.64	124.58	124.7	124.44	966.67K	0.05
2014/5/5	124.58	124.7	124.89	124.52	729.09K	-0.06
2014/5/2	124.66	124.58	124.91	123.78	2.46M	0
2014/5/1	124.66	124.42	124.8	124.3	952.43K	0.19
2014/4/30	124.42	124.02	124.45	123.81	1.53M	0.34
2014/4/29	124	123.91	124.06	123.69	1.13M	-0.07
2014/4/28	124.09	124.06	124.2	123.75	1.11M	0.02
2014/4/25	124.06	123.97	124.31	123.92	1.05M	0.11
2014/4/24	123.92	123.83	124.06	123.59	1.40M	-0.02
2014/4/23	123.95	123.75	124.09	123.66	1.02M	0.27
2014/4/22	123.62	123.75	123.89	123.5	928.26K	-0.09
2014/4/21	123.73	123.72	123.95	123.58	433.57K	-0.02
2014/4/17	123.75	124.41	124.55	123.62	953.71K	-0.51
2014/4/16	124.38	124.56	124.64	124.3	1.05M	-0.17
2014/4/15	124.59	124.5	124.88	124.36	1.38M	0
2014/4/14	124.59	124.83	125.08	124.45	958.77K	-0.17
2014/4/11	124.8	124.52	124.94	124.47	1.22M	0.08
2014/4/10	124.7	124.19	124.91	124.14	1.75M	0.4
2014/4/9	124.2	124.02	124.27	123.72	1.26M	0.12
2014/4/8	124.05	123.81	124.09	123.7	1.22M	0.15
2014/4/7	123.86	123.66	124	123.62	1.12M	0.15
2014/4/4	123.67	122.89	123.72	122.7	2.05M	0.57
2014/4/3	122.97	122.89	123.09	122.83	1.11M	0.04
2014/4/2	122.92	123.41	123.42	122.84	1.32M	-0.36
2014/4/1	123.36	123.53	123.55	123.28	969.83K	-0.11
2014/3/31	123.5	123.45	123.55	123.12	1.29M	-0.05
2014/3/28	123.56	123.75	123.91	123.41	976.09K	-0.24
2014/3/27	123.86	123.81	123.95	123.58	1.43M	0.05
2014/3/26	123.8	123.34	123.92	123.28	1.21M	0.27
2014/3/25	123.47	123.42	123.56	123.27	1.05M	0.04
2014/3/24	123.42	123.47	123.53	123.08	1.18M	-0.02
2014/3/21	123.45	123.45	123.55	123.27	984.09K	-1.19
2014/3/20	124.94	125.03	125.17	124.84	7.76K	-0.1
2014/3/19	125.06	126.16	126.17	124.77	19.10K	-0.79
2014/3/18	126.06	125.91	126.19	125.88	12.07K	0.14
2014/3/17	125.89	126.23	126.31	125.89	4.22K	-0.3
2014/3/14	126.27	126.28	126.58	126.08	12.56K	0.04
2014/3/13	126.22	125.59	126.31	125.41	12.24K	0.45
2014/3/12	125.66	125.3	125.81	125.3	9.09K	0.22
2014/3/11	125.38	125.2	125.42	125.11	8.17K	0.1
2014/3/10	125.25	125.16	125.34	125.05	14.38K	0.09
2014/3/7	125.14	125.69	125.75	124.94	31.88K	-0.37
2014/3/6	125.61	125.89	125.94	125.48	32.31K	-0.26
2014/3/5	125.94	125.91	126.05	125.67	60.13K	0.02
2014/3/4	125.92	126.55	126.58	125.83	77.38K	-0.52
2014/3/3	126.58	126.73	126.75	126.27	192.60K	0.37
2014/2/28	126.11	126.33	126.42	125.77	367.52K	-0.16
2014/2/27	126.31	126.14	126.41	126.05	1.41M	0.18
2014/2/26	126.08	125.8	126.17	125.69	2.28M	0.2
2014/2/25	125.83	125.53	125.88	125.48	1.82M	0.29
2014/2/24	125.47	125.61	125.75	125.36	1.20M	-0.11
2014/2/21	125.61	125.53	125.64	125.27	975.74K	0.09
2014/2/20	125.5	125.67	126.06	125.36	1.47M	-0.18
2014/2/19	125.73	125.94	126.28	125.66	1.04M	-0.17
2014/2/18	125.95	125.66	126.06	125.52	956.45K	0.25
2014/2/14	125.64	125.77	125.97	125.56	848.23K	-0.09
2014/2/13	125.75	125.27	125.81	125.25	1.18M	0.4
2014/2/12	125.25	125.52	125.61	125.09	1.06M	-0.26
2014/2/11	125.58	125.95	125.98	125.45	1.07M	-0.29
2014/2/10	125.94	125.86	126.11	125.83	651.84K	-0.02
2014/2/7	125.97	125.61	126.28	125.22	1.77M	0.29
2014/2/6	125.61	125.84	125.95	125.53	1.09M	-0.21
2014/2/5	125.88	126.09	126.47	125.8	1.47M	-0.21
2014/2/4	126.14	126.41	126.47	126.06	1.23M	-0.22
2014/2/3	126.42	125.78	126.5	125.61	1.62M	0.53
2014/1/31	125.75	125.44	125.91	125.34	1.39M	0.24
2014/1/30	125.45	125.56	125.64	125.19	1.39M	-0.14
2014/1/29	125.62	124.84	125.73	124.72	1.98M	0.43
2014/1/28	125.08	124.98	125.12	124.66	1.20M	0.22
2014/1/27	124.81	125.2	125.3	124.81	1.26M	-0.2
2014/1/24	125.06	124.72	125.5	124.67	1.88M	0.22
2014/1/23	124.78	123.91	124.91	123.84	1.65M	0.65
2014/1/22	123.97	124.31	124.38	123.89	869.15K	-0.33
2014/1/21	124.38	124.45	124.58	124	889.14K	-0.03
2014/1/17	124.42	124.3	124.5	124.16	703.98K	0.12
2014/1/16	124.27	123.92	124.38	123.86	842.61K	0.24
2014/1/15	123.97	124.12	124.27	123.75	1.03M	-0.16
2014/1/14	124.17	124.56	124.58	124.11	838.86K	-0.33
2014/1/13	124.58	124.27	124.64	124.23	762.47K	0.23
2014/1/10	124.3	123.31	124.36	123.27	1.68M	0.79
2014/1/9	123.33	123.12	123.36	123.02	1.05M	0.18
2014/1/8	123.11	123.61	123.61	123	1.22M	-0.47
2014/1/7	123.69	123.48	123.69	123.41	721.16K	0.18
2014/1/6	123.47	123.09	123.59	122.94	683.92K	0.24
2014/1/3	123.17	123.16	123.39	123.05	527.32K	-0.04
2014/1/2	123.22	122.8	123.28	122.78	611.56K	0.14
2013/12/31	123.05	123.23	123.28	122.77	351.46K	-0.14
2013/12/30	123.22	123.03	123.28	122.84	358.63K	0.2
2013/12/27	122.98	123.02	123.22	122.83	380.02K	0
2013/12/26	122.98	123.06	123.09	122.91	133.05K	-0.06
2013/12/24	123.05	123.44	123.55	123	202.00K	-0.32
2013/12/23	123.44	123.72	123.75	123.41	398.01K	-0.23
2013/12/20	123.73	123.69	123.88	123.27	872.22K	-0.95
2013/12/19	124.92	125.42	125.48	124.72	13.86K	-0.5
2013/12/18	125.55	125.83	125.94	125.14	6.86K	-0.22
2013/12/17	125.83	125.56	125.89	125.56	21.34K	0.24
2013/12/16	125.53	125.61	125.8	125.47	17.08K	-0.02
2013/12/13	125.56	125.58	125.7	125.45	11.59K	0
2013/12/12	125.56	125.73	125.86	125.44	13.51K	-0.2
2013/12/11	125.81	126.06	126.12	125.7	8.91K	-0.29
2013/12/10	126.17	125.77	126.22	125.77	38.81K	0.38
2013/12/9	125.69	125.59	125.94	125.59	12.49K	0.09
2013/12/6	125.58	125.66	125.94	125.12	38.48K	-0.12
2013/12/5	125.73	125.97	126.05	125.52	76.84K	-0.17
2013/12/4	125.94	126.33	126.41	125.78	106.28K	-0.36
2013/12/3	126.39	126.17	126.52	126.09	94.65K	0.18
2013/12/2	126.16	126.5	126.59	126.02	191.60K	-0.38
2013/11/29	126.64	126.67	126.7	126.47	240.47K	-0.09
2013/11/27	126.75	126.94	126.97	126.41	1.54M	-0.24
2013/11/26	127.06	126.77	127.06	126.67	2.24M	0.31
2013/11/25	126.67	126.61	126.81	126.42	1.65M	0.07
2013/11/22	126.58	126.39	126.64	126.28	980.19K	0.17
2013/11/21	126.36	126.28	126.47	125.91	1.61M	0
2013/11/20	126.36	126.73	127.08	126.22	1.61M	-0.29
2013/11/19	126.73	127.09	127.17	126.7	916.51K	-0.25
2013/11/18	127.05	126.7	127.16	126.66	739.04K	0.22
2013/11/15	126.77	126.89	126.97	126.58	715.90K	-0.06
2013/11/14	126.84	126.67	126.97	126.42	1.35M	0.38
2013/11/13	126.36	125.89	126.77	125.86	920.57K	0.36
2013/11/12	125.91	126.02	126.09	125.72	889.12K	-0.1
2013/11/11	126.03	126.08	126.27	126	162.44K	-0.06
2013/11/8	126.11	127.19	127.7	125.95	1.61M	-0.81
2013/11/7	127.14	126.91	127.42	126.86	1.27M	0.17
2013/11/6	126.92	126.55	127.03	126.5	1.03M	0.28
2013/11/5	126.56	126.94	127.05	126.39	1.13M	-0.33
2013/11/4	126.98	126.69	127.06	126.67	543.15K	0.16
2013/11/1	126.78	127.23	127.28	126.69	1.11M	-0.46
2013/10/31	127.36	127.47	127.77	127.08	1.47M	-0.13
2013/10/30	127.52	127.69	128.06	127.3	1.25M	-0.16
2013/10/29	127.72	127.52	127.75	127.44	763.60K	0.13
2013/10/28	127.56	127.56	127.66	127.38	498.13K	-0.04
2013/10/25	127.61	127.41	127.67	127.34	609.11K	0.16
2013/10/24	127.41	127.55	127.77	127.38	844.84K	-0.2
2013/10/23	127.66	127.47	127.8	127.47	870.29K	0.13
2013/10/22	127.5	126.77	127.52	126.72	1.19M	0.59
2013/10/21	126.75	126.89	126.97	126.64	597.94K	-0.11
2013/10/18	126.89	126.89	127.36	126.81	990.42K	-0.05
2013/10/17	126.95	126.3	127	126.23	1.19M	0.54
2013/10/16	126.27	125.78	126.31	125.52	1.16M	0.33
2013/10/15	125.86	125.77	126.08	125.66	899.94K	-0.05
2013/10/14	125.92	126.34	126.36	125.67	190.18K	-0.15
2013/10/11	126.11	126.02	126.41	125.94	866.39K	0.1
2013/10/10	125.98	126.16	126.19	125.67	1.31M	-0.23
2013/10/9	126.27	126.27	126.5	126.05	1.02M	0
2013/10/8	126.27	126.33	126.5	126.09	841.29K	-0.02
2013/10/7	126.3	126.28	126.56	126.27	615.20K	0.09
2013/10/4	126.19	126.59	126.64	126.12	750.42K	-0.31
2013/10/3	126.58	126.44	126.86	126.16	1.11M	0.15
2013/10/2	126.39	126.02	126.66	125.95	1.11M	0.21
2013/10/1	126.12	126.42	126.44	126	1.10M	-0.21
2013/9/30	126.39	126.55	126.67	126.09	1.10M	0.04
2013/9/27	126.34	126.02	126.48	125.91	869.08K	0.2
2013/9/26	126.09	126.14	126.25	125.92	928.68K	-0.15
2013/9/25	126.28	125.86	126.31	125.8	977.86K	0.27
2013/9/24	125.94	125.53	126.05	125.5	889.84K	0.39
2013/9/23	125.45	125.27	125.61	125.08	643.93K	0.12
2013/9/20	125.3	125.14	125.44	124.92	911.78K	-0.65
2013/9/19	126.12	126.8	126.92	126.11	13.34K	-0.36
2013/9/18	126.58	125.3	126.89	124.84	29.86K	1.09
2013/9/17	125.22	125.27	125.45	125.11	8.53K	0.13
2013/9/16	125.06	125.7	125.86	125.03	15.13K	0.31
2013/9/13	124.67	124.5	124.81	124.12	10.11K	0.09
2013/9/12	124.56	124.62	124.94	124.48	12.78K	0.02
2013/9/11	124.53	124.03	124.59	124.03	35.93K	0.3
2013/9/10	124.16	124.31	124.34	123.97	54.75K	-0.26
2013/9/9	124.48	124.08	124.61	124.03	17.55K	0.32
2013/9/6	124.08	123.42	124.72	123.33	56.29K	0.45
2013/9/5	123.53	124.16	124.23	123.41	68.25K	-0.53
2013/9/4	124.19	124.59	124.69	124.11	50.76K	-0.38
2013/9/3	124.66	125	125	124.14	177.88K	-0.54
2013/8/30	125.34	125.41	125.58	125.05	406.59K	-0.13
2013/8/29	125.5	125.38	125.56	124.84	1.77M	0.18
2013/8/28	125.27	125.75	125.84	125.14	2.40M	-0.37
2013/8/27	125.73	125.16	125.88	125.03	1.92M	0.54
2013/8/26	125.05	124.94	125.27	124.8	1.08M	0.15
2013/8/23	124.86	124.39	125.05	124	1.48M	0.47
2013/8/22	124.27	124.47	124.56	124.08	1.23M	-0.36
2013/8/21	124.72	125.16	125.23	124.39	1.28M	-0.36
2013/8/20	125.17	124.66	125.28	124.66	1.04M	0.45
2013/8/19	124.61	125.02	125.02	124.48	1.02M	-0.3
2013/8/16	124.98	125.42	125.47	124.66	1.15M	-0.41
2013/8/15	125.5	125.8	125.88	124.81	1.68M	-0.22
2013/8/14	125.78	125.67	125.91	125.56	785.02K	0.06
2013/8/13	125.7	126.52	126.52	125.58	1.39M	-0.73
2013/8/12	126.62	126.8	126.98	126.48	732.54K	-0.15
2013/8/9	126.81	126.75	126.88	126.64	520.22K	0
2013/8/8	126.81	126.64	126.91	126.58	920.05K	0.13
2013/8/7	126.64	126.36	126.75	126.33	946.21K	0.22
2013/8/6	126.36	126.38	126.48	126.19	672.23K	0.02
2013/8/5	126.34	126.56	126.64	126.17	699.49K	-0.19
2013/8/2	126.58	125.5	126.62	125.16	1.56M	0.96
2013/8/1	125.38	126.5	126.55	125.36	1.34M	-0.84
2013/7/31	126.44	126.41	126.62	125.53	1.66M	0.02
2013/7/30	126.42	126.44	126.66	126.36	740.64K	-0.09
2013/7/29	126.53	126.62	126.81	126.38	677.97K	-0.13
2013/7/26	126.69	126.59	126.81	126.45	700.60K	0.31
2013/7/25	126.3	126.44	126.67	126.09	1.20M	-0.09
2013/7/24	126.42	127.03	127.05	126.11	1.13M	-0.42
2013/7/23	126.95	127.2	127.22	126.78	778.47K	-0.13
2013/7/22	127.11	127.08	127.31	127.06	603.20K	0.02
2013/7/19	127.09	126.78	127.16	126.7	654.62K	0.27
2013/7/18	126.75	126.98	127.28	126.61	1.01M	-0.21
2013/7/17	127.02	126.58	127.31	126.34	1.29M	0.34
2013/7/16	126.59	126.59	126.83	126.44	843.31K	0.07
2013/7/15	126.5	126.16	126.61	125.81	762.14K	0.33
2013/7/12	126.09	126.25	126.8	126.06	972.63K	-0.17
2013/7/11	126.31	125.88	126.5	125.84	1.27M	0.82
2013/7/10	125.28	125.47	125.72	125.16	1.15M	-0.18
2013/7/9	125.5	125.34	125.61	125.12	826.05K	0.18
2013/7/8	125.28	124.62	125.34	124.36	1.05M	0.5
2013/7/5	124.66	126.2	126.61	124.48	1.73M	-1.35
2013/7/3	126.36	126.58	127.08	126.19	874.20K	-0.2
2013/7/2	126.61	126.66	126.81	126.42	812.64K	0.06
2013/7/1	126.53	126.38	126.69	125.97	852.39K	-0.02
2013/6/28	126.56	126.7	126.92	125.98	1.44M	-0.06
2013/6/27	126.64	126.22	126.78	126.06	1.31M	0.38
2013/6/26	126.16	125.61	126.44	125.33	1.41M	0.37
2013/6/25	125.7	126.02	126.55	125.52	1.60M	-0.2
2013/6/24	125.95	126.22	126.25	125.02	1.97M	-0.25
2013/6/21	126.27	127.08	127.38	126.02	1.89M	-0.65
2013/6/20	127.09	127.58	127.62	126.64	2.33M	-2.16
2013/6/19	129.89	130.28	130.39	129.88	16.09K	-0.3
2013/6/18	130.28	130.27	130.34	130.02	22.09K	-0.06
2013/6/17	130.36	130.56	130.78	130.27	20.39K	-0.2
2013/6/14	130.62	130.39	130.78	130.31	11.47K	0.43
2013/6/13	130.06	129.7	130.5	129.67	37.71K	0.28
2013/6/12	129.7	130.03	130.16	129.67	22.61K	-0.17
2013/6/11	129.92	129.88	130.08	129.2	54.52K	0.08
2013/6/10	129.81	129.97	130.2	129.62	37.58K	-0.25
2013/6/7	130.14	130.84	131.11	129.92	37.43K	-0.5
2013/6/6	130.8	130.59	131.44	130.34	54.55K	0.18
2013/6/5	130.56	130.28	130.94	130.23	102.96K	0.17
2013/6/4	130.34	130.62	130.62	130.2	125.98K	-0.06
2013/6/3	130.42	130.28	130.94	129.94	210.55K	0.13
2013/5/31	130.25	130.56	130.94	129.81	586.45K	-0.18
2013/5/30	130.48	130.56	130.72	130.17	1.75M	0.01
2013/5/29	130.47	130.17	130.56	129.59	3.42M	0.06
2013/5/28	130.39	131.3	131.39	130.08	2.98M	-0.72
2013/5/24	131.34	131.28	131.61	131.16	1.39M	0.05
2013/5/23	131.27	131.12	131.73	130.88	2.44M	0.03
2013/5/22	131.23	132	132.38	131.11	3.00M	-0.52
2013/5/21	131.91	131.81	132.09	131.52	1.66M	0.08
2013/5/20	131.81	131.89	132.11	131.64	1.19M	-0.04
2013/5/17	131.86	132.3	132.53	131.78	1.48M	-0.46
2013/5/16	132.47	131.88	132.53	131.72	1.71M	0.48
2013/5/15	131.84	131.58	132.03	131.5	1.61M	0.09
2013/5/14	131.72	131.98	132.16	131.52	1.50M	-0.19
2013/5/13	131.97	131.98	132.17	131.73	1.31M	-0.08
2013/5/10	132.08	132.69	132.77	131.88	1.91M	-0.48
2013/5/9	132.72	132.75	132.98	132.69	1.30M	-0.05
2013/5/8	132.78	132.67	132.88	132.53	1.06M	0.12
2013/5/7	132.62	132.77	132.89	132.53	870.61K	-0.04
2013/5/6	132.67	132.92	132.94	132.64	747.94K	-0.14
2013/5/3	132.86	133.66	133.72	132.77	1.82M	-0.58
2013/5/2	133.64	133.62	133.72	133.41	1.04M	0.02
2013/5/1	133.61	133.36	133.78	133.28	792.19K	0.19
2013/4/30	133.36	133.42	133.75	133.34	1.16M	-0.07
2013/4/29	133.45	133.38	133.55	133.34	698.34K	0.01
2013/4/26	133.44	133.08	133.47	133.05	838.47K	0.29
2013/4/25	133.06	133.05	133.14	132.89	863.79K	-0.04
2013/4/24	133.11	133.03	133.2	132.88	1.01M	0.02
2013/4/23	133.08	133.09	133.56	133	1.43M	-0.01
2013/4/22	133.09	132.95	133.25	132.77	916.08K	0.07
2013/4/19	133	133.11	133.12	132.91	878.73K	-0.11
2013/4/18	133.14	133.09	133.23	132.94	1.15M	0.06
2013/4/17	133.06	132.91	133.3	132.83	1.22M	0.08
2013/4/16	132.95	133.2	133.27	132.8	1.01M	-0.08
2013/4/15	133.05	133	133.28	132.88	1.27M	0.05
2013/4/12	132.98	132.55	133.03	132.52	1.06M	0.32
2013/4/11	132.55	132.42	132.66	132.33	1.07M	0.1
2013/4/10	132.42	132.81	132.86	132.34	1.28M	-0.29
2013/4/9	132.81	132.77	133.02	132.67	1.01M	-0.04
2013/4/8	132.86	133.06	133.17	132.73	1.01M	-0.23
2013/4/5	133.16	132.81	133.36	132.64	1.58M	0.24
2013/4/4	132.84	132.45	132.88	132.33	1.62M	0.32
2013/4/3	132.41	132	132.53	131.83	1.31M	0.33
2013/4/2	131.98	132.19	132.25	131.91	892.17K	-0.11
2013/4/1	132.12	131.73	132.25	131.73	511.66K	0.11
2013/3/28	131.98	132.12	132.34	131.89	1.12M	-0.11
2013/3/27	132.12	131.67	132.31	131.59	1.36M	0.32
2013/3/26	131.7	131.52	131.73	131.31	1.12M	0.09
2013/3/25	131.58	131.45	131.75	131.09	1.36M	0.05
2013/3/22	131.52	131.53	131.67	131.27	1.01M	0.08
2013/3/21	131.41	131.22	131.55	131.16	1.12M	0.02
2013/3/20	131.39	131.61	131.75	131.19	1.09M	-1.06
2013/3/19	132.8	132.42	132.88	132.34	32.38K	0.27
2013/3/18	132.44	132.64	132.89	132.36	20.65K	0.23
2013/3/15	132.14	131.78	132.22	131.66	39.32K	0.31
2013/3/14	131.73	131.61	131.81	131.38	15.84K	0.01
2013/3/13	131.72	131.73	131.89	131.5	30.55K	-0.01
2013/3/12	131.73	131.45	131.83	131.33	30.75K	0.19
2013/3/11	131.48	131.5	131.62	131.34	25.73K	0.01
2013/3/8	131.47	131.92	131.95	131.25	45.06K	-0.36
2013/3/7	131.94	132.42	132.5	131.91	87.38K	-0.34
2013/3/6	132.39	132.67	132.69	132.31	60.63K	-0.23
2013/3/5	132.69	132.81	132.88	132.55	61.92K	-0.07
2013/3/4	132.78	133.03	133.14	132.77	80.41K	-0.11
2013/3/1	132.92	132.77	133.05	132.73	201.58K	0.17
2013/2/28	132.7	132.59	132.88	132.58	475.42K	0.09
2013/2/27	132.58	132.62	132.98	132.53	1.81M	-0.07
2013/2/26	132.67	132.7	132.95	132.48	2.71M	0.13
2013/2/25	132.5	131.86	132.77	131.64	2.58M	0.45
2013/2/22	131.91	131.8	131.97	131.62	1.54M	0.08
2013/2/21	131.8	131.55	131.98	131.45	1.57M	0.25
2013/2/20	131.47	131.33	131.58	131.16	1.46M	0.1
2013/2/19	131.34	131.5	131.67	131.3	1.04M	-0.14
2013/2/15	131.53	131.53	131.73	131.27	1.08M	-0.02
2013/2/14	131.56	131.08	131.59	131.02	1.45M	0.3
2013/2/13	131.16	131.47	131.53	131.02	1.31M	-0.21
2013/2/12	131.44	131.59	131.7	131.38	890.41K	-0.19
2013/2/11	131.69	131.7	131.78	131.5	717.56K	-0.03
2013/2/8	131.73	131.69	131.89	131.41	1.13M	-0.02
2013/2/7	131.75	131.62	131.92	131.38	1.50M	0.11
2013/2/6	131.61	131.31	131.66	131.23	1.33M	0.3
2013/2/5	131.22	131.61	131.66	131.12	1.20M	-0.21
2013/2/4	131.5	131	131.69	130.72	1.70M	0.29
2013/2/1	131.12	131.22	131.83	130.94	2.32M	-0.12
2013/1/31	131.28	131.25	131.56	131.14	1.49M	0.07
2013/1/30	131.19	131.12	131.44	130.94	1.97M	-0.02
2013/1/29	131.22	131.3	131.48	131.11	1.34M	0
2013/1/28	131.22	131.36	131.52	130.94	1.52M	-0.14
2013/1/25	131.41	132.17	132.19	131.34	1.66M	-0.62
2013/1/24	132.23	132.38	132.55	131.98	1.42M	-0.05
2013/1/23	132.3	132.2	132.47	132.16	746.28K	0.02
2013/1/22	132.27	132.12	132.34	131.88	1.14M	0.1
2013/1/18	132.14	131.83	132.23	131.69	968.42K	0.2
2013/1/17	131.88	132.31	132.48	131.75	1.29M	-0.32
2013/1/16	132.3	132.2	132.47	132.17	798.16K	0.02
2013/1/15	132.27	132.09	132.41	132.03	1.06M	0.18
2013/1/14	132.03	131.91	132.23	131.86	787.31K	0.09
2013/1/11	131.91	131.69	132.02	131.45	1.12M	0.14
2013/1/10	131.72	132	132	131.61	1.29M	-0.26
2013/1/9	132.06	131.81	132.12	131.67	967.86K	0.15
2013/1/8	131.86	131.62	131.91	131.55	829.63K	0.21
2013/1/7	131.58	131.55	131.77	131.5	680.45K	0.05
2013/1/4	131.52	131.48	131.64	131.12	1.55M	-0.08
2013/1/3	131.62	132.12	132.25	131.5	1.19M	-0.39
2013/1/2	132.14	131.94	132.23	131.89	751.38K	-0.48
2012/12/31	132.78	132.95	133.06	132.31	327.52K	-0.13
2012/12/28	132.95	132.75	133.08	132.7	457.80K	0.02
2012/12/27	132.92	132.53	133.02	132.31	564.77K	0.32
2012/12/26	132.5	132.33	132.59	132.25	111.84K	0.13
2012/12/24	132.33	132.39	132.47	132.25	74.53K	-0.11
2012/12/21	132.48	132.14	132.64	132.06	706.94K	0.24
2012/12/20	132.16	132.16	132.38	132.11	957.30K	-0.54
2012/12/19	132.88	132.67	132.98	132.56	11.35K	0.23
2012/12/18	132.58	132.84	133	132.45	11.25K	-0.3
2012/12/17	132.98	133.22	133.36	132.88	7.13K	-0.31
2012/12/14	133.39	133.25	133.44	133.14	11.40K	0.07
2012/12/13	133.3	133.62	133.72	133.11	12.02K	-0.23
2012/12/12	133.61	133.91	134.03	133.55	18.19K	-0.23
2012/12/11	133.92	134.11	134.17	133.83	18.38K	-0.14
2012/12/10	134.11	134.12	134.31	134.06	18.41K	0.04
2012/12/7	134.06	134.34	134.95	133.98	36.19K	-0.22
2012/12/6	134.36	134.28	134.5	134.25	26.32K	0.06
2012/12/5	134.28	134.09	134.39	134	41.87K	0.15
2012/12/4	134.08	134.03	134.16	133.88	79.45K	0.08
2012/12/3	133.97	134.05	134.12	133.77	105.66K	-0.11
2012/11/30	134.12	134.03	134.19	133.91	248.56K	0.07
2012/11/29	134.02	133.88	134.09	133.78	1.12M	0.03
2012/11/28	133.98	133.77	134.06	133.75	1.72M	0.19
2012/11/27	133.72	133.53	133.78	133.41	1.27M	0.13
2012/11/26	133.55	133.31	133.73	133.28	990.57K	0.17
2012/11/23	133.33	133.41	133.55	133.28	404.89K	-0.04
2012/11/21	133.39	133.56	133.72	133.31	825.58K	-0.16
2012/11/20	133.61	133.95	134.02	133.52	967.57K	-0.22
2012/11/19	133.91	134.12	134.14	133.78	585.94K	-0.21
2012/11/16	134.19	134.03	134.36	133.94	948.38K	0.12
2012/11/15	134.03	134	134.16	133.81	916.19K	-0.01
2012/11/14	134.05	133.97	134.11	133.69	970.54K	0
2012/11/13	134.05	133.91	134.17	133.81	821.27K	0.12
2012/11/12	133.89	133.91	133.97	133.73	213.51K	-0.01
2012/11/9	133.91	133.94	134.2	133.69	1.16M	0.04
2012/11/8	133.86	133.45	133.97	133.41	1.20M	0.21
2012/11/7	133.58	132.66	133.7	132.64	1.58M	0.66
2012/11/6	132.7	133.12	133.17	132.62	766.57K	-0.33
2012/11/5	133.14	132.84	133.23	132.78	724.92K	0.27
2012/11/2	132.78	132.73	132.89	132.31	1.06M	-0.04
2012/11/1	132.83	132.95	132.97	132.66	815.16K	-0.15
2012/10/31	133.03	132.64	133.06	132.39	995.04K	0.27
2012/10/30	132.67	132.83	133.05	132.58	291.93K	-0.08
2012/10/29	132.78	132.67	132.88	132.55	348.13K	0.17
2012/10/26	132.56	131.88	132.61	131.78	1.12M	0.49
2012/10/25	131.91	132.27	132.3	131.69	1.29M	-0.36
2012/10/24	132.38	132.41	132.5	132.16	942.40K	0
2012/10/23	132.38	131.94	132.45	131.92	854.35K	0.2
2012/10/22	132.11	132.38	132.42	131.92	770.50K	-0.21
2012/10/19	132.39	131.91	132.47	131.91	816.46K	0.31
2012/10/18	131.98	132.02	132.3	131.91	1.14M	-0.08
2012/10/17	132.08	132.78	132.83	132	1.23M	-0.6
2012/10/16	132.88	133.31	133.34	132.8	906.78K	-0.32
2012/10/15	133.31	133.31	133.41	133.08	622.72K	0
2012/10/12	133.31	133.28	133.53	133.09	722.57K	0.03
2012/10/11	133.27	133.34	133.39	132.83	1.01M	0.04
2012/10/10	133.22	133.06	133.36	132.81	839.16K	0.13
2012/10/9	133.05	133.22	133.34	132.94	738.77K	-0.17
2012/10/8	133.27	132.89	133.28	132.89	165.80K	0.26
2012/10/5	132.92	133.38	133.48	132.86	1.00M	-0.37
2012/10/4	133.42	133.75	133.77	133.31	740.39K	-0.23
2012/10/3	133.73	133.59	133.8	133.52	770.03K	0.07
2012/10/2	133.64	133.56	133.69	133.39	645.79K	0.04
2012/10/1	133.58	133.47	133.67	133.36	765.52K	0.07
2012/9/28	133.48	133.42	133.84	133.36	983.35K	-0.01
2012/9/27	133.5	133.62	133.62	133.33	953.87K	-0.1
2012/9/26	133.64	133.22	133.67	133.14	863.17K	0.35
2012/9/25	133.17	132.98	133.25	132.73	896.61K	0.19
2012/9/24	132.92	132.7	133.05	132.64	531.17K	0.19
2012/9/21	132.67	132.44	132.77	132.25	740.47K	0.2
2012/9/20	132.41	132.44	132.88	132.34	923.45K	-0.85
2012/9/19	133.55	133.53	133.8	133.31	5.15K	0.08
2012/9/18	133.44	133.45	133.77	133.25	8.75K	0.1
2012/9/17	133.31	133.08	133.45	133.05	6.84K	0.13
2012/9/14	133.14	134.08	134.11	132.97	6.83K	-0.62
2012/9/13	133.97	133.61	134.14	133.08	8.94K	0.33
2012/9/12	133.53	133.88	133.98	133.5	7.96K	-0.31
2012/9/11	133.94	134.2	134.27	133.86	13.69K	-0.02
2012/9/10	133.97	134.11	134.3	133.94	12.76K	-0.11
2012/9/7	134.12	133.78	134.61	133.39	23.71K	0.21
2012/9/6	133.84	134.41	134.45	133.77	31.96K	-0.43
2012/9/5	134.42	134.48	134.73	134.36	41.64K	-0.02
2012/9/4	134.45	134.8	134.86	134.41	119.29K	-0.22
2012/8/31	134.75	134.14	134.88	133.91	279.29K	0.42
2012/8/30	134.19	133.88	134.27	133.8	1.07M	0.26
2012/8/29	133.84	133.91	134.03	133.66	1.55M	-0.08
2012/8/28	133.95	133.78	134.09	133.72	1.27M	0.1
2012/8/27	133.81	133.53	133.88	133.45	731.80K	0.17
2012/8/24	133.58	133.58	133.95	133.48	840.04K	-0.08
2012/8/23	133.69	133.48	133.8	133.31	966.70K	0.29
2012/8/22	133.31	132.64	133.55	132.62	1.14M	0.53
2012/8/21	132.61	132.56	132.69	132.19	947.74K	0.07
2012/8/20	132.52	132.52	132.69	132.17	674.68K	0.02
2012/8/17	132.5	132.34	132.67	132.31	678.18K	0.11
2012/8/16	132.36	132.48	132.7	132.16	1.08M	-0.17
2012/8/15	132.58	133.08	133.19	132.47	1.22M	-0.42
2012/8/14	133.14	133.56	133.64	133.05	952.13K	-0.36
2012/8/13	133.62	133.67	133.86	133.5	529.26K	-0.08
2012/8/10	133.73	133.42	133.86	133.38	584.73K	0.21
2012/8/9	133.45	133.41	133.56	133.16	892.28K	-0.02
2012/8/8	133.48	133.53	133.78	133.31	829.76K	-0.07
2012/8/7	133.58	134.03	134.12	133.44	877.62K	-0.4
2012/8/6	134.11	133.98	134.31	133.86	577.27K	0.15
2012/8/3	133.91	134.62	134.7	133.77	981.74K	-0.53
2012/8/2	134.62	134.25	134.92	133.92	1.19M	0.34
2012/8/1	134.16	134.81	134.83	134.12	882.35K	-0.37
2012/7/31	134.66	134.55	134.88	134.41	997.84K	0.07
2012/7/30	134.56	134.22	134.62	134.02	840.59K	0.33
2012/7/27	134.12	134.91	134.97	133.83	1.31M	-0.67
2012/7/26	135.03	135.25	135.33	134.89	930.50K	-0.15
2012/7/25	135.23	135.41	135.48	134.98	770.99K	-0.03
2012/7/24	135.27	135.16	135.39	134.83	920.37K	0.16
2012/7/23	135.06	134.97	135.38	134.94	871.63K	0.11
2012/7/20	134.91	134.5	135	134.5	634.26K	0.33
2012/7/19	134.47	134.61	134.73	134.44	776.00K	-0.21
2012/7/18	134.75	134.53	134.81	134.45	574.57K	0.15
2012/7/17	134.55	134.72	134.86	134.48	729.80K	-0.19
2012/7/16	134.81	134.59	135.02	134.55	608.98K	0.19
2012/7/13	134.55	134.67	134.77	134.36	595.69K	-0.08
2012/7/12	134.66	134.44	134.78	134.42	732.43K	0.05
2012/7/11	134.59	134.61	134.92	134.42	916.18K	-0.02
2012/7/10	134.62	134.48	134.64	134.34	626.01K	0.05
2012/7/9	134.55	134.36	134.62	134.33	577.94K	0.14
2012/7/6	134.36	133.92	134.42	133.91	805.45K	0.31
2012/7/5	133.95	133.66	134.09	133.59	957.87K	0.23
2012/7/3	133.64	133.94	134.03	133.58	537.87K	-0.28
2012/7/2	134.02	133.45	134.23	133.3	960.08K	0.48
2012/6/29	133.38	133.88	134.03	133.12	1.19M	-0.4
2012/6/28	133.92	133.53	134.05	133.42	1.01M	0.28
2012/6/27	133.55	133.42	133.58	133.27	714.58K	0.08
2012/6/26	133.44	133.59	133.64	133.2	907.05K	-0.09
2012/6/25	133.56	133.02	133.59	133	657.22K	0.42
2012/6/22	133	133.28	133.44	132.91	857.12K	-0.27
2012/6/21	133.36	133.08	133.55	133.02	1.04M	-0.52
2012/6/20	134.06	134.34	134.42	133.88	5.74K	-0.21
2012/6/19	134.34	134.61	134.72	134.17	19.57K	-0.14
2012/6/18	134.53	134.16	134.78	134.12	10.81K	-0.06
2012/6/15	134.61	134.44	134.77	134.14	5.78K	0.19
2012/6/14	134.36	134.61	134.64	134.09	12.98K	-0.15
2012/6/13	134.56	134.2	134.62	133.83	11.14K	0.34
2012/6/12	134.11	134.77	134.78	134.06	8.53K	-0.39
2012/6/11	134.64	133.94	134.78	133.44	14.44K	0.22
2012/6/8	134.34	134.39	135.02	134.31	15.60K	0.03
2012/6/7	134.3	134.14	134.44	134.06	24.21K	0.08
2012/6/6	134.19	134.67	134.86	134.05	56.14K	-0.45
2012/6/5	134.8	135.11	135.17	134.62	41.12K	-0.15
2012/6/4	135	135.66	135.84	134.98	55.91K	-0.49
2012/6/1	135.66	135.05	135.91	134.94	174.10K	0.56
2012/5/31	134.91	134.66	135.27	134.44	465.59K	0.18
2012/5/30	134.67	133.67	134.78	133.66	1.62M	0.63
2012/5/29	133.83	133.75	134.06	133.48	2.44M	0.04
2012/5/25	133.77	133.41	133.84	133.33	1.27M	0.16
2012/5/24	133.55	133.64	133.89	133.34	1.91M	-0.19
2012/5/23	133.8	133.47	133.89	133.39	1.36M	0.37
2012/5/22	133.31	133.58	133.58	133.12	1.22M	-0.23
2012/5/21	133.62	133.61	133.75	133.36	819.12K	-0.14
2012/5/18	133.81	133.72	133.84	133.48	1.19M	0.03
2012/5/17	133.77	133.42	133.81	133.16	1.36M	0.26
2012/5/16	133.42	133.47	133.59	133.02	1.40M	0.03
2012/5/15	133.38	133.53	133.61	133.2	1.28M	-0.03
2012/5/14	133.42	133.12	133.61	133.09	1.00M	0.26
2012/5/11	133.08	133	133.14	132.88	780.78K	0.23
2012/5/10	132.78	132.94	133.03	132.55	1.18M	-0.1
2012/5/9	132.91	132.88	133.27	132.83	1.25M	-0.01
2012/5/8	132.92	132.64	133.12	132.59	1.02M	0.21
2012/5/7	132.64	132.78	133.06	132.61	645.30K	0
2012/5/4	132.64	132.12	132.7	131.98	1.30M	0.34
2012/5/3	132.19	132.16	132.3	131.92	812.85K	0
2012/5/2	132.19	132.06	132.41	131.86	988.53K	0.17
2012/5/1	131.97	132.23	132.41	131.92	804.99K	-0.23
2012/4/30	132.28	132.14	132.38	132	646.99K	0.09
2012/4/27	132.16	132.09	132.53	131.94	1.02M	0.18
2012/4/26	131.92	131.72	132.12	131.59	1.12M	0.17
2012/4/25	131.69	131.69	131.78	131.19	1.28M	-0.07
2012/4/24	131.78	131.95	132.11	131.66	867.15K	-0.15
2012/4/23	131.98	131.72	132.14	131.7	807.12K	0.24
2012/4/20	131.67	131.66	131.78	131.45	713.36K	-0.08
2012/4/19	131.77	131.61	131.81	131.42	1.01M	0.16
2012/4/18	131.56	131.47	131.69	131.3	810.24K	0.11
2012/4/17	131.42	131.62	131.78	131.31	936.47K	-0.21
2012/4/16	131.69	131.58	131.91	131.47	1.02M	0.12
2012/4/13	131.53	131.12	131.67	131.11	951.60K	0.3
2012/4/12	131.14	131.27	131.47	131	1.13M	-0.14
2012/4/11	131.33	131.58	131.59	131.14	1.12M	-0.2
2012/4/10	131.59	131.06	131.73	130.92	1.43M	0.34
2012/4/9	131.14	131.31	131.31	130.89	599.65K	0.07
2012/4/6	131.05	129.89	131.09	129.77	461.47K	0.83
2012/4/5	129.97	129.52	130.28	129.39	1.13M	0.46
2012/4/4	129.38	128.83	129.55	128.77	1.28M	0.36
2012/4/3	128.92	129.77	130.06	128.81	1.35M	-0.6
2012/4/2	129.7	129.44	129.94	129.17	979.40K	0.17
2012/3/30	129.48	129.89	130.06	129.27	1.11M	-0.33
2012/3/29	129.91	129.53	129.97	129.42	1.06M	0.25
2012/3/28	129.58	129.61	129.84	129.34	1.07M	-0.01
2012/3/27	129.59	129.03	129.7	128.94	973.09K	0.41
2012/3/26	129.06	128.98	129.19	128.62	894.89K	0.01
2012/3/23	129.05	128.67	129.3	128.56	1.02M	0.25
2012/3/22	128.73	128.53	128.97	128.41	1.15M	-0.19
2012/3/21	128.97	128.64	129.05	128.47	2.78K	0.33
2012/3/20	128.55	128.55	128.94	128.38	11.17K	0.02
2012/3/19	128.53	129	129.36	128.42	11.81K	-0.4
2012/3/16	129.05	129.28	129.38	128.67	9.87K	-0.22
2012/3/15	129.34	129.31	129.53	128.75	10.97K	0.09
2012/3/14	129.23	130.38	130.39	129.12	5.84K	-0.96
2012/3/13	130.48	131.09	131.11	130.34	11.17K	-0.46
2012/3/12	131.08	131.16	131.44	131.06	14.67K	0.02
2012/3/9	131.06	131.3	131.3	130.56	19.82K	-0.12
2012/3/8	131.22	131.48	131.55	131.16	21.58K	-0.23
2012/3/7	131.52	131.7	131.7	131.44	30.03K	-0.15
2012/3/6	131.72	131.17	131.78	131.14	30.51K	0.4
2012/3/5	131.2	131.44	131.59	131.17	45.04K	-0.14
2012/3/2	131.39	130.95	131.53	130.88	111.05K	0.38
2012/3/1	130.89	131.33	131.33	130.67	187.50K	-0.29
2012/2/29	131.27	131.59	131.77	131.03	492.97K	-0.3
2012/2/28	131.67	131.58	131.89	131.48	1.63M	0.04
2012/2/27	131.62	131.2	131.72	131.16	1.88M	0.33
2012/2/24	131.19	131.08	131.28	131	1.06M	-0.01
2012/2/23	131.2	131	131.3	130.72	1.31M	0.11
2012/2/22	131.05	131	131.03	130.97	1.03M	0.31
2012/2/21	130.64	130.8	130.84	130.38	1.01M	-0.21
2012/2/17	130.92	131.03	131.08	130.59	850.83K	-0.05
2012/2/16	130.98	131.59	131.73	130.83	1.13M	-0.46
2012/2/15	131.58	131.39	131.77	131.2	1.01M	0.04
2012/2/14	131.53	131.3	131.58	131.09	1.04M	0.31
2012/2/13	131.12	131.3	131.34	131.27	782.09K	-0.21
2012/2/10	131.39	130.86	131.5	130.84	1.02M	0.47
2012/2/9	130.78	131.05	131.2	130.56	1.29M	-0.24
2012/2/8	131.09	131.09	131.22	130.88	967.23K	-0.05
2012/2/7	131.16	131.59	131.69	130.95	1.04M	-0.39
2012/2/6	131.67	131.55	131.81	131.36	715.19K	0.26
2012/2/3	131.33	132.17	132.33	131.3	1.35M	-0.64
2012/2/2	132.17	132.03	132.25	131.88	964.91K	0.14
2012/2/1	131.98	132.28	132.28	131.92	1.02M	-0.2
2012/1/31	132.25	132	132.34	131.69	1.18M	0.17
2012/1/30	132.03	131.72	132.22	131.7	903.28K	0.24
2012/1/27	131.72	131.39	131.83	131.2	1.09M	0.21
2012/1/26	131.44	130.88	131.52	130.81	1.33M	0.51
2012/1/25	130.77	130.08	131.39	129.97	1.59M	0.52
2012/1/24	130.09	130.05	130.22	129.86	980.20K	0.08
2012/1/23	129.98	130.34	130.56	129.81	990.79K	-0.22
2012/1/20	130.27	130.66	130.83	130.22	1.02M	-0.33
2012/1/19	130.7	131.23	131.38	130.5	1.27M	-0.43
2012/1/18	131.27	131.56	131.7	131.2	869.78K	-0.24
2012/1/17	131.59	131.56	131.72	131.17	813.35K	0.03
2012/1/13	131.55	130.98	131.73	130.89	997.00K	0.44
2012/1/12	130.97	131.16	131.31	130.91	885.68K	-0.18
2012/1/11	131.2	130.72	131.31	130.69	918.77K	0.37
2012/1/10	130.72	130.8	130.89	130.45	742.26K	-0.11
2012/1/9	130.86	130.75	131.12	130.58	526.96K	0.08
2012/1/6	130.75	130.5	130.89	130.09	931.95K	0.19
2012/1/5	130.5	130.48	130.88	130.2	1.02M	0.08
2012/1/4	130.39	130.61	130.73	130.25	668.31K	-0.12
2012/1/3	130.55	130.61	130.88	130.48	564.74K	-0.43
2011/12/30	131.12	130.77	131.23	130.59	298.77K	0.21
2011/12/29	130.84	130.58	130.92	130.42	276.28K	0.11
2011/12/28	130.7	129.98	130.72	129.94	325.85K	0.58
2011/12/27	129.95	129.94	130.09	129.78	173.79K	0.07
2011/12/23	129.86	130.48	130.5	129.81	312.89K	-0.45
2011/12/22	130.45	130.44	130.72	130.33	443.31K	0.02
2011/12/21	130.42	130.62	130.89	130.3	763.00K	-0.89
2011/12/20	131.59	132.14	132.14	131.58	5.81K	-0.4
2011/12/19	132.12	132.02	132.22	131.78	7.16K	0.13
2011/12/16	131.95	131.55	132.11	131.34	8.11K	0.36
2011/12/15	131.48	131.59	131.83	131.3	12.65K	-0.1
2011/12/14	131.61	131.23	131.66	131.11	18.55K	0.23
2011/12/13	131.31	131.03	131.42	130.73	27.62K	0.21
2011/12/12	131.03	130.5	131.16	130.5	27.42K	0.3
2011/12/9	130.64	131.03	131.25	130.53	18.48K	-0.4
2011/12/8	131.17	130.66	131.2	130.22	20.37K	0.31
2011/12/7	130.77	130.19	130.81	129.95	30.65K	0.47
2011/12/6	130.16	130.36	130.53	130.09	56.26K	-0.19
2011/12/5	130.41	130.45	130.56	129.97	66.91K	-0.07
2011/12/2	130.5	130.11	130.61	129.48	94.39K	0.4
2011/12/1	129.98	130.12	130.36	129.72	149.14K	-0.14
2011/11/30	130.16	130.59	130.7	129.69	448.83K	-0.24
2011/11/29	130.47	130.59	130.69	130.05	1.40M	-0.19
2011/11/28	130.72	130.27	130.77	129.78	1.85M	0.05
2011/11/25	130.66	131.14	131.16	130.44	933.24K	-0.43
2011/11/23	131.22	130.84	131.3	130.53	1.51M	0.32
2011/11/22	130.8	130.66	130.88	130.33	1.12M	0.17
2011/11/21	130.58	130.36	130.75	130.34	770.17K	0.21
2011/11/18	130.3	130.83	130.94	130.14	870.98K	-0.41
2011/11/17	130.83	130.7	130.97	130.27	1.28M	0.25
2011/11/16	130.5	130.41	130.77	130.27	830.15K	0.13
2011/11/15	130.33	130.39	130.84	130.22	945.37K	-0.09
2011/11/14	130.45	129.78	130.59	129.61	753.24K	0.52
2011/11/11	129.78	130.38	130.38	129.69	158.53K	-0.43
2011/11/10	130.34	130.75	130.89	129.89	1.10M	-0.36
2011/11/9	130.81	129.95	131	129.89	1.25M	0.58
2011/11/8	130.05	130.27	130.58	129.86	897.73K	-0.38
2011/11/7	130.55	130.17	130.81	129.98	936.79K	0.23
2011/11/4	130.25	129.97	130.45	129.61	1.15M	0.15
2011/11/3	130.05	130.41	130.91	129.81	1.18M	-0.2
2011/11/2	130.31	130.27	130.52	129.72	1.08M	0.05
2011/11/1	130.25	129.48	130.56	129.23	1.75M	0.92
2011/10/31	129.06	128	129.55	127.97	1.08M	0.76
2011/10/28	128.09	127.27	128.22	127.22	1.09M	0.61
2011/10/27	127.31	128.58	128.73	127.19	1.68M	-0.99
2011/10/26	128.58	129.2	129.25	128.44	1.32M	-0.42
2011/10/25	129.12	128.3	129.3	128.03	1.25M	0.61
2011/10/24	128.34	128.72	128.88	128.28	736.39K	-0.25
2011/10/21	128.66	128.61	128.83	128.22	833.45K	-0.03
2011/10/20	128.7	128.78	129.2	128.41	1.34M	-0.11
2011/10/19	128.84	128.58	129.06	128.31	1.14M	0.01
2011/10/18	128.83	128.72	129.3	128.38	1.27M	0.09
2011/10/17	128.72	128	128.75	127.66	861.28K	0.47
2011/10/14	128.12	128.34	128.59	127.78	1.02M	-0.25
2011/10/13	128.44	128.03	128.83	127.94	1.29M	0.41
2011/10/12	127.92	128.28	128.48	127.52	1.23M	-0.24
2011/10/11	128.23	127.83	128.47	127.83	1.01M	0.5
2011/10/10	127.59	128.84	128.91	127.56	249.59K	-1.01
2011/10/7	128.89	129.53	129.66	128.47	1.39M	-0.49
2011/10/6	129.52	130.22	130.34	129.44	1.13M	-0.45
2011/10/5	130.11	130.67	130.73	130.02	1.08M	-0.64
2011/10/4	130.95	131.16	131.39	130.53	1.41M	-0.02
2011/10/3	130.98	130.16	131.23	130.16	1.12M	0.68
2011/9/30	130.09	129.62	130.45	129.62	1.10M	0.08
2011/9/29	129.98	129.89	130.02	129.42	1.31M	0.24
2011/9/28	129.67	130.34	130.5	129.55	1.31M	0.08
2011/9/27	129.56	130.34	130.5	129.55	1.03M	-0.6
2011/9/26	130.34	130.62	131.11	130.28	1.04M	-0.48
2011/9/23	130.97	131.64	131.94	130.75	1.34M	-0.59
2011/9/22	131.75	130.84	131.86	130.8	1.25M	0.06
2011/9/21	131.67	131.25	131.73	131.2	6.37K	0.25
2011/9/20	131.34	131.38	131.55	131.06	8.62K	-0.06
2011/9/19	131.42	131.03	131.55	130.78	5.61K	0.72
2011/9/16	130.48	130.44	130.69	130.14	7.47K	0.05
2011/9/15	130.41	131.02	131.11	130.02	12.34K	-0.37
2011/9/14	130.89	131.08	131.38	130.8	8.68K	-0.13
2011/9/13	131.06	131.36	131.59	130.95	11.64K	-0.31
2011/9/12	131.47	131.75	131.98	131.27	19.06K	-0.23
2011/9/9	131.77	131.17	131.91	130.98	21.63K	0.41
2011/9/8	131.23	130.95	131.3	130.83	23.44K	0.26
2011/9/7	130.89	131.14	131.17	130.67	22.22K	-0.25
2011/9/6	131.22	131.27	131.88	131.08	62.88K	-0.06
2011/9/2	131.3	130.66	131.34	130.36	134.29K	0.53
2011/9/1	130.61	129.95	130.69	129.62	243.88K	0.45
2011/8/31	130.03	130.36	130.69	129.89	432.21K	-0.28
2011/8/30	130.39	129.78	130.59	129.77	1.28M	0.52
2011/8/29	129.72	130.22	130.27	129.41	1.32M	-0.43
2011/8/26	130.28	129.88	130.81	129.78	1.94M	0.23
2011/8/25	129.98	129.38	130.14	129.3	1.95M	0.31
2011/8/24	129.58	130.28	130.55	129.3	1.45M	-0.58
2011/8/23	130.33	130.56	130.86	130.08	1.13M	-0.2
2011/8/22	130.59	130.88	130.98	130.25	928.50K	-0.16
2011/8/19	130.8	130.77	131.2	130.33	1.29M	0.02
2011/8/18	130.78	130.3	131.64	130.23	1.64M	0.32
2011/8/17	130.36	130.03	130.42	129.78	986.57K	0.22
2011/8/16	130.08	129.39	130.25	129.36	1.20M	0.4
2011/8/15	129.56	129.72	129.98	129.34	809.69K	-0.25
2011/8/12	129.88	129.11	129.95	129.06	1.19M	0.51
2011/8/11	129.22	130.25	130.36	129	1.86M	-0.65
2011/8/10	130.06	129.34	130.52	128.95	2.09M	0.18
2011/8/9	129.83	128.05	131.03	127.83	2.19M	0.97
2011/8/8	128.58	127.2	128.83	126.97	1.88M	1.2
2011/8/5	127.05	128.33	128.73	126.77	2.43M	-0.74
2011/8/4	128	126.84	128.39	126.64	2.09M	0.75
2011/8/3	127.05	127.08	127.36	126.75	1.82M	0.08
2011/8/2	126.95	126.08	127.12	126.02	1.55M	0.64
2011/8/1	126.14	125.45	126.42	125.3	1.36M	0.36
2011/7/29	125.69	124.53	125.94	124.38	1.52M	0.96
2011/7/28	124.5	124.25	124.72	124.2	1.19M	0.22
2011/7/27	124.23	124.52	124.67	124.03	1.18M	-0.24
2011/7/26	124.53	124.14	124.64	123.78	1.09M	0.33
2011/7/25	124.12	124.12	124.62	123.86	1.22M	-0.17
2011/7/22	124.33	123.94	124.38	123.92	914.70K	0.27
2011/7/21	124	124.61	124.73	123.69	1.66M	-0.47
2011/7/20	124.59	124.97	124.97	124.5	956.90K	-0.26
2011/7/19	124.92	124.78	125.09	124.44	1.11M	0
2011/7/18	124.92	124.88	125.17	124.72	1.02M	0.05
2011/7/15	124.86	124.39	124.91	124.23	1.21M	0.34
2011/7/14	124.44	124.69	124.92	124.31	1.38M	-0.29
2011/7/13	124.8	124.88	124.94	124.22	1.49M	0.14
2011/7/12	124.62	124.47	125.38	124.36	1.83M	0.06
2011/7/11	124.55	123.83	124.58	123.61	1.36M	0.67
2011/7/8	123.72	122.53	123.92	122.2	1.76M	1.02
2011/7/7	122.47	122.88	122.91	122.25	1.30M	-0.41
2011/7/6	122.98	122.72	123.23	122.45	1.33M	0.26
2011/7/5	122.66	122	122.78	121.97	1.09M	0.56
2011/7/1	121.98	122.23	122.48	121.7	1.22M	-0.29
2011/6/30	122.33	122.86	123.08	121.88	1.80M	-0.42
2011/6/29	122.84	123.44	123.97	122.59	1.73M	-0.4
2011/6/28	123.33	124.41	124.59	123.23	1.46M	-0.87
2011/6/27	124.41	124.81	125.03	124.36	1.25M	-0.26
2011/6/24	124.73	124.23	124.94	124.06	1.33M	0.31
2011/6/23	124.34	123.8	124.58	123.73	1.67M	0.55
2011/6/22	123.66	123.64	124.14	123.52	1.19M	-1.27
2011/6/21	125.25	125.34	125.39	125.06	6.49K	-0.05
2011/6/20	125.31	125.38	125.78	125.19	18.37K	-0.06
2011/6/17	125.38	125.38	125.53	125.02	23.25K	-0.16
2011/6/16	125.58	125.08	125.89	124.98	35.86K	0.38
2011/6/15	125.11	124.03	125.22	124.03	15.00K	0.91
2011/6/14	123.98	124.88	124.88	123.92	15.21K	-0.63
2011/6/13	124.77	124.97	125.14	124.58	14.95K	-0.12
2011/6/10	124.92	124.7	125.2	124.62	23.39K	0.21
2011/6/9	124.66	125.11	125.39	124.53	29.39K	-0.34
2011/6/8	125.09	124.73	125.34	124.67	37.02K	0.34
2011/6/7	124.66	124.75	124.91	124.31	52.19K	-0.07
2011/6/6	124.75	124.8	124.91	124.44	32.28K	0.02
2011/6/3	124.73	124.42	125.2	124.39	88.31K	0.27
2011/6/2	124.39	124.91	124.92	124.31	137.45K	-0.27
2011/6/1	124.73	123.92	124.92	123.81	251.18K	0.56
2011/5/31	124.03	123.89	124.12	123.56	507.36K	0.14
2011/5/27	123.86	123.78	123.98	123.53	1.35M	0.09
2011/5/26	123.75	123.12	123.84	122.91	2.28M	0.5
2011/5/25	123.14	123.12	123.33	123.02	1.73M	0.05
2011/5/24	123.08	123.02	123.19	122.75	1.32M	0.07
2011/5/23	123	122.88	123.41	122.88	1.26M	0.15
2011/5/20	122.81	122.58	122.89	122.52	1.08M	0.16
2011/5/19	122.61	122.44	122.64	121.95	1.63M	0.07
2011/5/18	122.53	122.95	123.17	122.39	1.33M	-0.33
2011/5/17	122.94	122.78	123.17	122.56	1.30M	0.15
2011/5/16	122.75	122.66	122.81	122.41	792.30K	0.2
2011/5/13	122.5	122.19	122.97	122.06	1.46M	0.27
2011/5/12	122.17	122.41	122.67	122.02	1.35M	-0.2
2011/5/11	122.42	121.91	122.48	121.73	1.27M	0.27
2011/5/10	122.09	122.36	122.42	121.91	959.92K	-0.31
2011/5/9	122.47	122.17	122.53	122.02	1.01M	0.16
2011/5/6	122.28	122.16	122.47	121.53	1.74M	0.18
2011/5/5	122.06	121.64	122.22	121.56	1.29M	0.35
2011/5/4	121.64	121.48	121.78	121.27	1.11M	0.16
2011/5/3	121.44	121.23	121.52	121.2	831.65K	0.17
2011/5/2	121.23	121.12	121.45	120.89	762.14K	0.07
2011/4/29	121.14	120.94	121.22	120.78	681.13K	0.16
2011/4/28	120.95	120.53	121.14	120.48	1.22M	0.44
2011/4/27	120.42	120.72	120.73	120.14	934.59K	-0.21
2011/4/26	120.67	120.28	120.78	120.22	802.84K	0.28
2011/4/25	120.33	120.02	120.36	119.94	375.08K	0.29
2011/4/21	119.98	119.83	120.23	119.75	680.74K	0.06
2011/4/20	119.91	120.17	120.19	119.8	842.61K	-0.28
2011/4/19	120.25	120.11	120.36	119.86	923.72K	0.05
2011/4/18	120.19	119.8	120.25	119.52	1.45M	0.32
2011/4/15	119.81	119.05	119.92	119.05	1.13M	0.51
2011/4/14	119.2	119.34	119.77	119.06	1.41M	-0.16
2011/4/13	119.39	119.09	119.42	118.75	1.12M	0.25
2011/4/12	119.09	118.28	119.3	118.25	1.29M	0.54
2011/4/11	118.45	118.23	118.56	118.06	724.83K	0.06
2011/4/8	118.38	118.47	118.48	117.92	969.58K	-0.08
2011/4/7	118.47	118.36	118.7	118.12	1.29M	0.08
2011/4/6	118.38	118.77	118.86	118.3	1.08M	-0.33
2011/4/5	118.77	119.23	119.41	118.66	1.16M	-0.38
2011/4/4	119.22	119	119.45	118.88	827.36K	0.21
2011/4/1	118.97	118.78	119.03	118.28	1.23M	-0.05
2011/3/31	119.03	119.2	119.47	118.77	1.33M	-0.08
2011/3/30	119.12	118.77	119.23	118.59	1.00M	0.29
2011/3/29	118.77	119.19	119.31	118.67	963.09K	-0.26
2011/3/28	119.08	119.12	119.25	118.81	856.06K	-0.09
2011/3/25	119.19	119.45	119.73	119.05	1.10M	-0.26
2011/3/24	119.5	119.94	120.2	119.39	1.07M	-0.39
2011/3/23	119.97	120.08	120.45	120.88	1.20M	-1.01
2011/3/22	121.2	121.58	121.59	121.12	9.87K	-0.27
2011/3/21	121.53	122.25	122.25	121.17	9.07K	-0.34
2011/3/18	121.95	122.03	122.39	121.67	5.42K	-0.17
2011/3/17	122.16	122.91	122.97	121.81	7.98K	-0.25
2011/3/16	122.47	121.84	123.11	121.39	10.28K	0.71
2011/3/15	121.61	121.62	122.7	121.44	5.70K	0.07
2011/3/14	121.52	121.03	121.72	120.88	13.16K	0.43
2011/3/11	121	120.98	121.42	120.8	24.99K	0.04
2011/3/10	120.95	120.3	121.16	120.27	21.99K	0.53
2011/3/9	120.31	119.7	120.52	119.7	13.01K	0.45
2011/3/8	119.77	119.89	120.12	119.66	20.15K	-0.22
2011/3/7	120.03	119.86	120.27	119.59	41.56K	0.02
2011/3/4	120	119.33	120.08	118.98	48.22K	0.65
2011/3/3	119.23	119.98	120.09	119.22	85.96K	-0.69
2011/3/2	120.06	120.55	120.72	119.95	100.12K	-0.32
2011/3/1	120.44	120.25	120.19	120.18	239.17K	0.08
2011/2/28	120.34	120.28	120.52	120.19	380.27K	0.14
2011/2/25	120.17	119.97	120.27	119.8	1.21M	0.1
2011/2/24	120.05	119.8	120.36	119.78	1.94M	0.2
2011/2/23	119.81	120.05	120.28	119.75	1.71M	-0.23
2011/2/22	120.09	119.02	120.16	119	1.70M	0.87
2011/2/18	119.06	119.02	119.16	118.66	864.25K	0.03
2011/2/17	119.02	118.58	119.23	118.5	1.29M	0.36
2011/2/16	118.59	118.69	118.94	118.34	1.44M	-0.04
2011/2/15	118.64	118.5	118.78	118.22	1.11M	0.02
2011/2/14	118.62	118.47	118.77	118.3	812.94K	0.1
2011/2/11	118.5	118.2	118.92	118.16	1.28M	0.32
2011/2/10	118.12	118.41	118.7	118.02	1.30M	-0.39
2011/2/9	118.58	117.88	118.69	117.69	1.45M	0.51
2011/2/8	117.98	118.66	118.73	117.81	1.09M	-0.53
2011/2/7	118.61	118.61	118.7	118.22	947.95K	0.03
2011/2/4	118.58	119.34	119.7	118.39	1.62M	-0.72
2011/2/3	119.44	119.91	119.98	119.2	1.38M	-0.38
2011/2/2	119.89	120.33	120.7	119.7	1.16M	-0.34
2011/2/1	120.3	120.83	120.88	120.06	1.14M	-0.41
2011/1/31	120.8	121.31	121.45	120.61	985.29K	-0.3
2011/1/28	121.16	120.59	121.31	120.19	1.40M	0.41
2011/1/27	120.67	120.34	120.73	119.88	1.33M	0.35
2011/1/26	120.25	120.81	120.83	120.16	1.05M	-0.55
2011/1/25	120.92	120.25	121.05	120.11	1.29M	0.57
2011/1/24	120.23	120.16	120.47	119.91	754.53K	0.06
2011/1/21	120.16	119.86	120.25	119.69	1.04M	0.28
2011/1/20	119.83	120.73	120.95	119.69	1.42M	-0.79
2011/1/19	120.78	120.56	120.86	120.33	947.72K	0.16
2011/1/18	120.59	120.89	121.3	120.2	1.23M	-0.22
2011/1/14	120.86	121.06	121.48	120.78	1.12M	-0.21
2011/1/13	121.11	120.5	121.2	120.36	1.32M	0.46
2011/1/12	120.56	120.56	120.66	120.02	1.09M	0.01
2011/1/11	120.55	120.98	121.12	120.39	1.02M	-0.27
2011/1/10	120.88	120.77	121.02	120.61	773.58K	0.17
2011/1/7	120.67	119.95	120.89	119.53	1.46M	0.72
2011/1/6	119.81	119.39	120	119.33	1.03M	0.49
2011/1/5	119.23	120.38	120.72	119.14	1.35M	-0.9
2011/1/4	120.31	120.27	120.67	120	885.72K	0.12
2011/1/3	120.17	120.3	120.33	119.47	731.63K	-0.22
2010/12/31	120.44	120	120.48	119.94	200.27K	0.38
2010/12/30	119.98	120.12	120.28	119.58	446.51K	-0.22
2010/12/29	120.25	119	120.36	118.95	575.39K	1.02
2010/12/28	119.03	120	120.38	118.89	447.24K	-0.76
2010/12/27	119.94	119.5	120.09	119	271.55K	0.29
2010/12/23	119.59	119.89	120.05	119.45	335.61K	-0.34
2010/12/22	120	120.39	120.44	119.8	493.49K	-1.03
2010/12/21	121.25	121.47	121.75	121.16	1.77K	-0.02
2010/12/20	121.27	121.47	121.94	121.16	2.52K	-0.12
2010/12/17	121.41	120.84	121.52	120.66	6.91K	0.86
2010/12/16	120.38	120.28	120.69	119.72	4.07K	0.3
2010/12/15	120.02	120.19	120.94	119.78	13.87K	-0.33
2010/12/14	120.42	121.73	121.81	120.14	14.63K	-1.05
2010/12/13	121.7	121.17	121.84	120.44	13.40K	0.35
2010/12/10	121.27	122.09	122.14	121	14.20K	-0.41
2010/12/9	121.77	121.88	122.27	121.52	22.81K	-0.09
2010/12/8	121.88	122.78	122.78	121.23	27.28K	-0.51
2010/12/7	122.5	124.16	124.2	122.42	39.31K	-1.46
2010/12/6	124.31	123.78	124.38	123.78	56.37K	0.49
2010/12/3	123.7	123.55	124.44	123.14	114.11K	0.18
2010/12/2	123.48	123.86	124.02	123.27	133.91K	-0.31
2010/12/1	123.86	125	125.06	123.59	238.90K	-0.95
2010/11/30	125.05	124.83	125.47	124.8	493.67K	0.14
2010/11/29	124.88	124.5	124.97	124.3	1.23M	0.23
2010/11/26	124.59	124.33	124.84	124.05	846.97K	0.25
2010/11/24	124.28	125.28	125.53	124.14	1.88M	-0.9
2010/11/23	125.41	125.11	125.86	125.08	1.62M	0.26
2010/11/22	125.09	124.36	125.23	124.2	1.01M	0.46
2010/11/19	124.52	124.52	124.81	124.31	694.14K	0.03
2010/11/18	124.48	124.8	124.88	124.05	1.28M	-0.32
2010/11/17	124.88	125.02	125.31	124.66	1.28M	-0.14
2010/11/16	125.05	124.53	125.12	124.28	1.72M	0.22
2010/11/15	124.77	125.89	125.94	124.47	1.79M	-0.93
2010/11/12	125.94	126.72	127.16	125.58	1.55M	-0.43
2010/11/11	126.48	127.02	127.23	126.42	295.93K	-0.39
2010/11/10	126.97	126.53	127.03	125.88	1.71M	0.35
2010/11/9	126.53	127.42	127.67	126.41	1.33M	-0.65
2010/11/8	127.36	127.48	127.66	127.31	687.80K	-0.05
2010/11/5	127.42	127.75	127.89	127.06	1.41M	-0.26
2010/11/4	127.75	127.02	128.03	127	1.68M	0.92
2010/11/3	126.58	126.53	127.06	126.12	1.35M	0.04
2010/11/2	126.53	126.25	126.61	126.19	722.05K	0.17
2010/11/1	126.31	126.28	126.67	126.08	989.80K	0.02
2010/10/29	126.28	125.86	126.41	125.78	1.13M	0.33
2010/10/28	125.86	125.11	126	125.06	1.22M	0.51
2010/10/27	125.22	125.67	125.77	125.05	1.38M	-0.4
2010/10/26	125.72	126.31	126.44	125.62	1.37M	-0.55
2010/10/25	126.42	126.44	126.95	126.28	958.64K	0
2010/10/22	126.42	126.53	126.7	126.3	812.15K	-0.17
2010/10/21	126.64	126.95	127.05	126.47	1.03M	-0.32
2010/10/20	127.05	126.94	127.22	126.67	962.55K	0.02
2010/10/19	127.03	126.75	127.19	126.39	1.19M	0.11
2010/10/18	126.89	126.27	126.95	126.27	865.16K	0.52
2010/10/15	126.23	126.59	127.09	126.06	1.72M	-0.35
2010/10/14	126.67	127.23	127.28	126.53	1.32M	-0.43
2010/10/13	127.22	127.02	127.27	126.7	1.06M	0.11
2010/10/12	127.08	127.38	127.69	126.97	941.15K	-0.28
2010/10/11	127.44	127.28	127.45	127.28	101.36K	0.1
2010/10/8	127.31	127.22	127.66	126.8	1.36M	0.13
2010/10/7	127.14	127.12	127.38	127	1.03M	0.04
2010/10/6	127.09	126.67	127.47	126.61	1.30M	0.36
2010/10/5	126.64	126.44	126.81	126.44	1.14M	0.13
2010/10/4	126.47	126.19	126.55	126.17	778.65K	0.31
2010/10/1	126.08	126.11	126.25	125.58	1.23M	0.02
2010/9/30	126.05	126.14	126.42	125.31	1.53M	-0.09
2010/9/29	126.16	126.34	126.44	126.08	1.20M	-0.22
2010/9/28	126.44	125.86	126.48	125.73	1.32M	0.39
2010/9/27	125.95	125.23	126.03	125.22	843.79K	0.58
2010/9/24	125.22	125.59	125.8	125.16	1.18M	-0.29
2010/9/23	125.58	125.53	126.08	125.34	1.19M	0.02
2010/9/22	125.56	125.44	125.95	125.44	1.33M	-0.15
2010/9/21	125.75	125.59	125.91	125.52	9.54K	0.18
2010/9/20	125.52	125.47	125.58	125.16	9.26K	0.23
2010/9/17	125.23	124.88	125.42	124.64	16.23K	0.18
2010/9/16	125	125.42	125.53	124.72	15.55K	-0.18
2010/9/15	125.22	125.33	125.66	125.06	12.71K	-0.18
2010/9/14	125.45	124.84	125.5	124.84	8.34K	0.41
2010/9/13	124.94	124.27	125.03	124	12.97K	0.42
2010/9/10	124.42	124.64	124.91	124.23	23.44K	-0.19
2010/9/9	124.66	125.44	125.67	124.62	36.32K	-0.61
2010/9/8	125.42	125.81	126.78	125.3	36.64K	-0.33
2010/9/7	125.83	124.86	125.86	124.8	56.84K	0.66
2010/9/3	125	125.5	125.7	124.61	94.83K	-0.4
2010/9/2	125.5	125.8	125.92	125.42	76.95K	-0.18
2010/9/1	125.73	126.5	126.5	125.34	213.03K	-0.61
2010/8/31	126.5	126.2	126.66	126.11	485.56K	0.33
2010/8/30	126.09	125.11	126.27	124.92	1.34M	0.72
2010/8/27	125.19	126.33	126.42	125.08	2.06M	-0.82
2010/8/26	126.22	126.05	126.34	125.88	1.68M	0.24
2010/8/25	125.92	126.47	126.88	125.81	1.90M	-0.39
2010/8/24	126.41	125.77	126.75	125.72	1.56M	0.6
2010/8/23	125.66	125.48	125.81	125.3	824.40K	0.1
2010/8/20	125.53	125.88	126.25	125.44	984.74K	-0.33
2010/8/19	125.95	125.69	126.16	125.2	1.47M	0.27
2010/8/18	125.61	125.66	126.05	125.53	994.00K	-0.05
2010/8/17	125.67	126.19	126.2	125.55	1.02M	-0.42
2010/8/16	126.2	125.58	126.25	125.55	1.01M	0.49
2010/8/13	125.58	125.31	125.64	125.23	838.51K	0.19
2010/8/12	125.34	125.58	125.73	125.19	1.19M	-0.21
2010/8/11	125.61	125.08	125.67	125.08	1.36M	0.5
2010/8/10	124.98	124.5	125.22	124.3	1.23M	0.37
2010/8/9	124.52	124.58	124.75	124.45	606.81K	-0.05
2010/8/6	124.58	123.94	124.69	123.78	1.30M	0.56
2010/8/5	123.89	123.62	124.05	123.5	962.02K	0.22
2010/8/4	123.62	124.02	124.25	123.56	1.02M	-0.29
2010/8/3	123.98	123.44	124.17	123.41	991.45K	0.45
2010/8/2	123.42	123.77	123.78	123.39	712.44K	-0.31
2010/7/30	123.81	123.23	123.89	123.2	1.19M	0.58
2010/7/29	123.09	122.91	123.47	122.77	1.32M	0.19
2010/7/28	122.86	122.31	122.94	122.23	1.06M	0.43
2010/7/27	122.33	122.73	122.83	122.2	998.21K	-0.33
2010/7/26	122.73	122.69	122.84	122.38	806.03K	0.05
2010/7/23	122.67	123.14	123.28	122.64	1.13M	-0.41
2010/7/22	123.17	123.55	123.69	123	952.86K	-0.27
2010/7/21	123.5	123.09	123.75	123	1.17M	0.22
2010/7/20	123.23	123.09	123.55	122.92	1.07M	0.16
2010/7/19	123.03	123.38	123.42	122.92	707.64K	-0.14
2010/7/16	123.2	122.58	123.42	122.55	1.14M	0.34
2010/7/15	122.78	122.23	122.89	121.94	1.43M	0.45
2010/7/14	122.23	121.56	122.31	121.45	1.31M	0.47
2010/7/13	121.66	122	122.34	121.52	1.08M	-0.37
2010/7/12	122.11	121.94	122.34	121.89	797.66K	0.16
2010/7/9	121.92	122.03	122.17	121.84	674.83K	-0.2
2010/7/8	122.16	122.36	122.47	121.83	1.13M	-0.23
2010/7/7	122.44	122.73	122.86	122.34	870.46K	-0.24
2010/7/6	122.73	122.36	122.83	122.2	949.43K	0.34
2010/7/2	122.31	122.48	122.78	122.12	1.16M	-0.24
2010/7/1	122.61	122.69	123.03	122.42	1.32M	0.05
2010/6/30	122.55	122.66	122.84	122.25	1.14M	0.02
2010/6/29	122.53	122.23	122.7	122.11	1.36M	0.32
2010/6/28	122.14	121.61	122.27	121.5	866.72K	0.54
2010/6/25	121.48	121.22	121.8	121.11	1.10M	0.12
2010/6/24	121.33	121.31	121.78	121.16	1.26M	-0.02
2010/6/23	121.36	120.89	121.5	120.77	1.14M	0.37
2010/6/22	120.91	120.3	121	120.08	966.90K	-0.21
2010/6/21	121.16	121.09	121.16	120.61	18.58K	-0.09
2010/6/18	121.27	121.47	121.62	121.2	7.50K	-0.23
2010/6/17	121.55	121.16	121.67	120.8	17.87K	0.55
2010/6/16	120.89	120.7	121.25	120.67	18.56K	0.14
2010/6/15	120.72	121.06	121.31	120.64	16.71K	-0.19
2010/6/14	120.95	121	121.11	120.52	28.91K	-0.36
2010/6/11	121.39	120.59	121.39	120.59	29.21K	0.64
2010/6/10	120.62	121.7	121.7	120.59	23.26K	-0.84
2010/6/9	121.64	121.62	121.81	121.27	54.84K	-0.14
2010/6/8	121.81	121.86	121.97	121.53	88.27K	0.12
2010/6/7	121.66	121.77	122.03	121.25	60.64K	0.09
2010/6/4	121.55	120.25	121.59	120.14	83.09K	1.13
2010/6/3	120.19	120.38	120.45	119.69	66.26K	-0.16
2010/6/2	120.38	120.91	120.98	120.27	127.57K	-0.24
2010/6/1	120.67	120.58	121.31	120.38	220.22K	0
2010/5/28	120.67	120.2	120.72	120.17	439.52K	0.3
2010/5/27	120.31	121.39	121.42	120.14	1.99M	-0.7
2010/5/26	121.16	121.56	121.72	120.77	2.34M	-0.42
2010/5/25	121.67	121.42	122.45	121.39	2.14M	0.41
2010/5/24	121.17	121.06	121.61	121.03	1.48M	-0.12
2010/5/21	121.31	121.31	122.11	120.94	2.11M	0.3
2010/5/20	120.95	120.11	121.5	120.11	2.07M	0.58
2010/5/19	120.25	120.39	120.69	120.03	1.62M	0.04
2010/5/18	120.2	119.44	120.41	119.31	1.44M	0.52
2010/5/17	119.58	119.64	120.27	119.38	1.22M	-0.16
2010/5/14	119.77	119.12	120.03	119	1.33M	0.77
2010/5/13	118.86	118.75	119.11	118.48	1.11M	0.05
2010/5/12	118.8	119.14	119.41	118.69	1.01M	-0.18
2010/5/11	119.02	118.91	119.56	118.7	1.15M	0.07
2010/5/10	118.94	119.31	119.31	118.38	1.34M	-0.63
2010/5/7	119.69	119.88	120.67	118.89	2.09M	-0.19
2010/5/6	119.92	118.75	121.05	118.38	2.07M	1.05
2010/5/5	118.67	118.19	119.14	118.06	1.63M	0.45
2010/5/4	118.14	117.61	118.31	117.53	1.32M	0.56
2010/5/3	117.48	117.81	117.81	117.44	613.27K	-0.36
2010/4/30	117.91	117.42	117.97	117.27	1.13M	0.4
2010/4/29	117.44	117.06	117.45	116.91	982.37K	0.38
2010/4/28	117	117.69	117.94	116.95	1.57M	-0.56
2010/4/27	117.66	116.64	117.84	116.61	1.59M	0.93
2010/4/26	116.58	116.52	116.81	116.31	758.12K	0.11
2010/4/23	116.45	116.84	116.97	116.31	1.08M	-0.33
2010/4/22	116.83	117.17	117.42	116.73	1.20M	-0.31
2010/4/21	117.19	116.75	117.2	116.61	851.22K	0.36
2010/4/20	116.77	116.81	116.91	116.58	803.72K	-0.03
2010/4/19	116.8	117.19	117.42	116.78	826.93K	-0.24
2010/4/16	117.08	116.5	117.27	116.47	1.41M	0.59
2010/4/15	116.39	116.23	116.58	116.08	1.03M	0.09
2010/4/14	116.28	116.45	116.67	116.19	1.01M	-0.26
2010/4/13	116.58	116.28	116.69	116.23	1.14M	0.28
2010/4/12	116.25	115.83	116.44	115.61	883.54K	0.29
2010/4/9	115.91	115.8	116	115.58	764.40K	0.09
2010/4/8	115.81	116.02	116.28	115.75	974.64K	-0.18
2010/4/7	116.02	115.34	116.06	115.3	1.19M	0.69
2010/4/6	115.22	115.05	115.48	115.03	966.66K	0.19
2010/4/5	115	115.31	115.42	114.83	641.30K	-0.29
2010/4/2	115.34	115.97	116.31	115.31	346.93K	-0.59
2010/4/1	116.03	116.19	116.25	115.81	888.55K	-0.19
2010/3/31	116.25	115.98	116.38	115.89	1.01M	0.27
2010/3/30	115.94	115.89	116.03	115.62	783.51K	0
2010/3/29	115.94	115.92	116.08	115.69	693.67K	-0.01
2010/3/26	115.95	115.73	116.05	115.52	944.49K	0.35
2010/3/25	115.55	116	116.16	115.28	1.58M	-0.47
2010/3/24	116.09	117.2	117.3	115.89	1.68M	-1.01
2010/3/23	117.28	117.3	117.47	117.2	587.67K	-1.15
2010/3/22	118.64	118.38	118.7	118.3	5.55K	0.24
2010/3/19	118.36	118.53	118.62	118.2	6.30K	-0.12
2010/3/18	118.5	118.89	118.92	118.45	10.17K	-0.23
2010/3/17	118.77	118.75	118.89	118.66	19.66K	0
2010/3/16	118.77	118.38	118.83	118.17	6.13K	0.39
2010/3/15	118.31	118.31	118.42	118.09	4.24K	0.05
2010/3/12	118.25	118.14	118.52	117.75	14.71K	0
2010/3/11	118.25	118.31	118.36	118	6.29K	-0.08
2010/3/10	118.34	118.56	118.56	118.17	8.72K	-0.15
2010/3/9	118.52	118.38	118.67	118.3	20.21K	0.12
2010/3/8	118.38	118.5	118.5	118.2	15.77K	-0.1
2010/3/5	118.5	118.98	119.08	118.28	34.66K	-0.4
2010/3/4	118.97	118.95	119.17	118.67	69.37K	0.05
2010/3/3	118.91	118.91	118.97	118.59	61.01K	0.02
2010/3/2	118.89	118.84	118.95	118.56	61.41K	0.01
2010/3/1	118.88	118.66	118.97	118.58	157.93K	-0.03
2010/2/26	118.91	118.59	118.95	118.48	359.04K	0.3
2010/2/25	118.56	118.09	118.67	118.02	1.42M	0.41
2010/2/24	118.08	118.08	118.34	117.86	1.61M	0.03
2010/2/23	118.05	117.19	118.17	117.12	1.65M	0.73
2010/2/22	117.19	117.19	117.3	117.05	791.22K	0
2010/2/19	117.19	117.02	117.39	116.89	1.04M	-0.01
2010/2/18	117.2	117.67	117.88	117.03	1.44M	-0.4
2010/2/17	117.67	118.3	118.31	117.52	936.96K	-0.54
2010/2/16	118.31	118.08	118.42	117.8	768.42K	0.19
2010/2/12	118.08	117.8	118.25	117.75	884.93K	0.26
2010/2/11	117.77	117.92	118.05	117.5	1.04M	-0.12
2010/2/10	117.91	118.17	118.45	117.77	1.10M	-0.27
2010/2/9	118.23	118.72	118.73	118.12	1.18M	-0.21
2010/2/8	118.48	118.73	118.77	118.44	677.85K	-0.32
2010/2/5	118.86	118.25	118.95	118.06	1.66M	0.52
2010/2/4	118.25	117.56	118.41	117.52	1.22M	0.57
2010/2/3	117.58	118	118	117.5	935.94K	-0.37
2010/2/2	118.02	117.86	118.05	117.66	611.94K	0.14
2010/2/1	117.86	118.28	118.31	117.72	752.57K	-0.25
2010/1/29	118.16	117.84	118.44	117.34	1.21M	0.39
2010/1/28	117.7	117.62	117.88	117.25	1.18M	0.03
2010/1/27	117.66	117.84	118.28	117.56	1.07M	-0.14
2010/1/26	117.83	117.73	118.22	117.66	765.67K	0.08
2010/1/25	117.73	117.77	117.88	117.55	583.39K	-0.15
2010/1/22	117.91	117.91	118.05	117.72	960.24K	0.08
2010/1/21	117.81	117.41	117.94	117.17	1.19M	0.34
2010/1/20	117.41	117.12	117.61	117.11	821.77K	0.28
2010/1/19	117.08	117.31	117.53	116.94	848.59K	-0.17
2010/1/15	117.28	116.7	117.44	116.67	945.69K	0.45
2010/1/14	116.75	116.31	116.94	116.27	880.77K	0.31
2010/1/13	116.39	116.78	116.84	116.25	937.30K	-0.31
2010/1/12	116.75	116.05	116.84	116.03	957.87K	0.62
2010/1/11	116.03	115.83	116.19	115.75	574.47K	0
2010/1/8	116.03	115.8	116.31	115.59	998.45K	0.16
2010/1/7	115.84	115.86	116.05	115.56	689.96K	-0.11
2010/1/6	115.97	116.12	116.17	115.64	854.86K	-0.2
2010/1/5	116.2	115.66	116.27	115.59	750.74K	0.58
2010/1/4	115.53	115.19	115.73	114.97	611.68K	0.07
						
	Highest:135.91	Lowest:114.83	Difference:21.08	Average:127.15	Change %:8.60	
